dataset_order,dataset,dataset_label,backbone_order,backbone,backbone_label,scenario_order,scenario,scenario_label,scenario_group,D,D_CI_lo,D_CI_hi,err_pert,err_pert_CI_lo,err_pert_CI_hi,MSE_c,D_w,MSE_w,worst_scenario,is_worst_scenario,run_id,data_config_signature
1,BeijingAir_Tiantan,Beijing Air Tiantan,1,SeasonalNaive,SeasonalNaive,0,drift,Drift,Value,1.1949897826727631,1.1751507669704295,1.217367319088041,0.4213873312634418,0.3988784941612188,0.449284042309791,0.3526283968059957,1.3531651711672756,0.4771644649224272,noise,false,2accda0b4aba4824be952a1fd0a49ed1,4c5e0908fb1a9097c1bed37a3c29e849947e6fbd5828b63bc6ba2909525a5089
1,BeijingAir_Tiantan,Beijing Air Tiantan,1,SeasonalNaive,SeasonalNaive,1,attenuation,Attenuation,Value,1.1713579481013678,1.1329050859542509,1.222135461496249,0.4130540753249461,0.3885540819524423,0.4409314970302906,0.3526283968059957,1.3531651711672756,0.4771644649224272,noise,false,2accda0b4aba4824be952a1fd0a49ed1,4c5e0908fb1a9097c1bed37a3c29e849947e6fbd5828b63bc6ba2909525a5089
1,BeijingAir_Tiantan,Beijing Air Tiantan,1,SeasonalNaive,SeasonalNaive,2,noise,Noise,Value,1.3531651711672756,1.3130540440460514,1.392813702103115,0.4771644649224272,0.4513352258908119,0.5064398743941649,0.3526283968059957,1.3531651711672756,0.4771644649224272,noise,true,2accda0b4aba4824be952a1fd0a49ed1,4c5e0908fb1a9097c1bed37a3c29e849947e6fbd5828b63bc6ba2909525a5089
1,BeijingAir_Tiantan,Beijing Air Tiantan,1,SeasonalNaive,SeasonalNaive,3,spike,Spike,Value,1.2066193000888508,1.1143605964415702,1.3105404580906663,0.425488229345504,0.3856471690573145,0.4692585464058521,0.3526283968059957,1.3531651711672756,0.4771644649224272,noise,false,2accda0b4aba4824be952a1fd0a49ed1,4c5e0908fb1a9097c1bed37a3c29e849947e6fbd5828b63bc6ba2909525a5089
1,BeijingAir_Tiantan,Beijing Air Tiantan,1,SeasonalNaive,SeasonalNaive,4,time_stretch,TimeStretch,Timing,1.0298983226792502,1.0127962864421487,1.0523106519093848,0.3631713943995681,0.3390854739037473,0.3903405886259047,0.3526283968059957,1.3531651711672756,0.4771644649224272,noise,false,2accda0b4aba4824be952a1fd0a49ed1,4c5e0908fb1a9097c1bed37a3c29e849947e6fbd5828b63bc6ba2909525a5089
1,BeijingAir_Tiantan,Beijing Air Tiantan,1,SeasonalNaive,SeasonalNaive,5,time_compress,TimeCompress,Timing,1.0,1.0,1.0,0.3526283968059957,0.3300305588617838,0.3786439996831652,0.3526283968059957,1.3531651711672756,0.4771644649224272,noise,false,2accda0b4aba4824be952a1fd0a49ed1,4c5e0908fb1a9097c1bed37a3c29e849947e6fbd5828b63bc6ba2909525a5089
1,BeijingAir_Tiantan,Beijing Air Tiantan,1,SeasonalNaive,SeasonalNaive,6,stuck_sensor,StuckSensor,Availability,1.1460995577146134,1.1018686079821682,1.1990932873860225,0.4041472496169648,0.3756164794617999,0.4361440269083367,0.3526283968059957,1.3531651711672756,0.4771644649224272,noise,false,2accda0b4aba4824be952a1fd0a49ed1,4c5e0908fb1a9097c1bed37a3c29e849947e6fbd5828b63bc6ba2909525a5089
1,BeijingAir_Tiantan,Beijing Air Tiantan,1,SeasonalNaive,SeasonalNaive,7,missing_data,MissingData,Availability,1.059670998078703,1.0342046606232005,1.0914335493624503,0.3736700851943024,0.3502338802162923,0.3996398139965008,0.3526283968059957,1.3531651711672756,0.4771644649224272,noise,false,2accda0b4aba4824be952a1fd0a49ed1,4c5e0908fb1a9097c1bed37a3c29e849947e6fbd5828b63bc6ba2909525a5089
1,BeijingAir_Tiantan,Beijing Air Tiantan,2,DLinear,DLinear,0,drift,Drift,Value,1.113738604080401,1.0992180734078345,1.1293648773192282,0.366523502451388,0.3471873568297511,0.38834084917895,0.329092931778208,1.6276289092837974,0.5356411696031719,noise,false,e765a57955e6486ca3ea08dd793c8c4b,4c5e0908fb1a9097c1bed37a3c29e849947e6fbd5828b63bc6ba2909525a5089
1,BeijingAir_Tiantan,Beijing Air Tiantan,2,DLinear,DLinear,1,attenuation,Attenuation,Value,1.2675183218640644,1.2262015396662134,1.3164981469103814,0.4171313206248392,0.3923833802961059,0.4445304427483343,0.329092931778208,1.6276289092837974,0.5356411696031719,noise,false,e765a57955e6486ca3ea08dd793c8c4b,4c5e0908fb1a9097c1bed37a3c29e849947e6fbd5828b63bc6ba2909525a5089
1,BeijingAir_Tiantan,Beijing Air Tiantan,2,DLinear,DLinear,2,noise,Noise,Value,1.6276289092837974,1.5609503418385484,1.6917460264033124,0.5356411696031719,0.5106160264562707,0.561673749950613,0.329092931778208,1.6276289092837974,0.5356411696031719,noise,true,e765a57955e6486ca3ea08dd793c8c4b,4c5e0908fb1a9097c1bed37a3c29e849947e6fbd5828b63bc6ba2909525a5089
1,BeijingAir_Tiantan,Beijing Air Tiantan,2,DLinear,DLinear,3,spike,Spike,Value,1.383043782377693,1.2497906458912291,1.5339932343650842,0.4551499331202969,0.4081979971074922,0.5073340793018206,0.329092931778208,1.6276289092837974,0.5356411696031719,noise,false,e765a57955e6486ca3ea08dd793c8c4b,4c5e0908fb1a9097c1bed37a3c29e849947e6fbd5828b63bc6ba2909525a5089
1,BeijingAir_Tiantan,Beijing Air Tiantan,2,DLinear,DLinear,4,time_stretch,TimeStretch,Timing,1.0301257766911005,1.0157758396279692,1.0486833416870405,0.3390071119515778,0.3189397177178486,0.3604167545289941,0.329092931778208,1.6276289092837974,0.5356411696031719,noise,false,e765a57955e6486ca3ea08dd793c8c4b,4c5e0908fb1a9097c1bed37a3c29e849947e6fbd5828b63bc6ba2909525a5089
1,BeijingAir_Tiantan,Beijing Air Tiantan,2,DLinear,DLinear,5,time_compress,TimeCompress,Timing,1.0070234529481048,1.0018701056816983,1.0122984223204918,0.3314043005001061,0.3118419836783075,0.3526292138033478,0.329092931778208,1.6276289092837974,0.5356411696031719,noise,false,e765a57955e6486ca3ea08dd793c8c4b,4c5e0908fb1a9097c1bed37a3c29e849947e6fbd5828b63bc6ba2909525a5089
1,BeijingAir_Tiantan,Beijing Air Tiantan,2,DLinear,DLinear,6,stuck_sensor,StuckSensor,Availability,1.1554613494428303,1.1114937688462796,1.206118595830195,0.3802541630445455,0.3566902525296372,0.4071390322663794,0.329092931778208,1.6276289092837974,0.5356411696031719,noise,false,e765a57955e6486ca3ea08dd793c8c4b,4c5e0908fb1a9097c1bed37a3c29e849947e6fbd5828b63bc6ba2909525a5089
1,BeijingAir_Tiantan,Beijing Air Tiantan,2,DLinear,DLinear,7,missing_data,MissingData,Availability,1.06430122627408,1.0399796005081217,1.0926865562978492,0.3502540108496789,0.3292059387261433,0.3728285601740775,0.329092931778208,1.6276289092837974,0.5356411696031719,noise,false,e765a57955e6486ca3ea08dd793c8c4b,4c5e0908fb1a9097c1bed37a3c29e849947e6fbd5828b63bc6ba2909525a5089
1,BeijingAir_Tiantan,Beijing Air Tiantan,3,GRU,GRU,0,drift,Drift,Value,1.1111997871331667,1.0970041410929687,1.1255298627517352,0.3124636593322109,0.2952069136339767,0.3319773197931523,0.2811948516822071,1.251110537493348,0.3518058420284884,attenuation,false,a821a9e98c12454bb58f62ed3ab0772a,4c5e0908fb1a9097c1bed37a3c29e849947e6fbd5828b63bc6ba2909525a5089
1,BeijingAir_Tiantan,Beijing Air Tiantan,3,GRU,GRU,1,attenuation,Attenuation,Value,1.251110537493348,1.21000301806482,1.2961251127696378,0.3518058420284884,0.3300801973533357,0.3760550786211364,0.2811948516822071,1.251110537493348,0.3518058420284884,attenuation,true,a821a9e98c12454bb58f62ed3ab0772a,4c5e0908fb1a9097c1bed37a3c29e849947e6fbd5828b63bc6ba2909525a5089
1,BeijingAir_Tiantan,Beijing Air Tiantan,3,GRU,GRU,2,noise,Noise,Value,1.2486401072433793,1.218568588311949,1.2804200576100324,0.3511111697607572,0.3322632861143431,0.3721395143147961,0.2811948516822071,1.251110537493348,0.3518058420284884,attenuation,false,a821a9e98c12454bb58f62ed3ab0772a,4c5e0908fb1a9097c1bed37a3c29e849947e6fbd5828b63bc6ba2909525a5089
1,BeijingAir_Tiantan,Beijing Air Tiantan,3,GRU,GRU,3,spike,Spike,Value,1.1213368628998632,1.0911958869311913,1.1529109952609349,0.3153141528489184,0.2956353944052727,0.3369490555880048,0.2811948516822071,1.251110537493348,0.3518058420284884,attenuation,false,a821a9e98c12454bb58f62ed3ab0772a,4c5e0908fb1a9097c1bed37a3c29e849947e6fbd5828b63bc6ba2909525a5089
1,BeijingAir_Tiantan,Beijing Air Tiantan,3,GRU,GRU,4,time_stretch,TimeStretch,Timing,1.0338311485026273,1.0186114374565838,1.051640777931097,0.290707996467642,0.2723355632138435,0.3108340994323173,0.2811948516822071,1.251110537493348,0.3518058420284884,attenuation,false,a821a9e98c12454bb58f62ed3ab0772a,4c5e0908fb1a9097c1bed37a3c29e849947e6fbd5828b63bc6ba2909525a5089
1,BeijingAir_Tiantan,Beijing Air Tiantan,3,GRU,GRU,5,time_compress,TimeCompress,Timing,1.0042582757491505,1.0011325577038324,1.0075221462740305,0.2823922568999114,0.2643009450735197,0.3018388326204539,0.2811948516822071,1.251110537493348,0.3518058420284884,attenuation,false,a821a9e98c12454bb58f62ed3ab0772a,4c5e0908fb1a9097c1bed37a3c29e849947e6fbd5828b63bc6ba2909525a5089
1,BeijingAir_Tiantan,Beijing Air Tiantan,3,GRU,GRU,6,stuck_sensor,StuckSensor,Availability,1.1391297140318637,1.1003841994372132,1.1865261057628524,0.3203174109839848,0.2991404686641357,0.3446971139609036,0.2811948516822071,1.251110537493348,0.3518058420284884,attenuation,false,a821a9e98c12454bb58f62ed3ab0772a,4c5e0908fb1a9097c1bed37a3c29e849947e6fbd5828b63bc6ba2909525a5089
1,BeijingAir_Tiantan,Beijing Air Tiantan,3,GRU,GRU,7,missing_data,MissingData,Availability,1.0879532579351314,1.060334396822659,1.1237455846535016,0.3059268550022432,0.2867730805860025,0.3263447954887137,0.2811948516822071,1.251110537493348,0.3518058420284884,attenuation,false,a821a9e98c12454bb58f62ed3ab0772a,4c5e0908fb1a9097c1bed37a3c29e849947e6fbd5828b63bc6ba2909525a5089
1,BeijingAir_Tiantan,Beijing Air Tiantan,4,ModernTCN,ModernTCN,0,drift,Drift,Value,1.154491011423021,1.1378496018565891,1.172652819316734,0.3475870173160511,0.3288655649456172,0.3685182929816403,0.3010738185718888,1.5019724269220764,0.4522045739631168,noise,false,bffc3cf719dd48b497ad3b9b0a32a8da,4c5e0908fb1a9097c1bed37a3c29e849947e6fbd5828b63bc6ba2909525a5089
1,BeijingAir_Tiantan,Beijing Air Tiantan,4,ModernTCN,ModernTCN,1,attenuation,Attenuation,Value,1.276158317907815,1.233837501292915,1.3243377704111714,0.3842178578747844,0.3594213799281428,0.4123791559703072,0.3010738185718888,1.5019724269220764,0.4522045739631168,noise,false,bffc3cf719dd48b497ad3b9b0a32a8da,4c5e0908fb1a9097c1bed37a3c29e849947e6fbd5828b63bc6ba2909525a5089
1,BeijingAir_Tiantan,Beijing Air Tiantan,4,ModernTCN,ModernTCN,2,noise,Noise,Value,1.5019724269220764,1.4513467846821544,1.5525794281740692,0.4522045739631168,0.4288522173782799,0.4756634507611662,0.3010738185718888,1.5019724269220764,0.4522045739631168,noise,true,bffc3cf719dd48b497ad3b9b0a32a8da,4c5e0908fb1a9097c1bed37a3c29e849947e6fbd5828b63bc6ba2909525a5089
1,BeijingAir_Tiantan,Beijing Air Tiantan,4,ModernTCN,ModernTCN,3,spike,Spike,Value,1.3031570362956826,1.218224966182445,1.398519585182205,0.3923464651163667,0.3614464841423404,0.4275230177142149,0.3010738185718888,1.5019724269220764,0.4522045739631168,noise,false,bffc3cf719dd48b497ad3b9b0a32a8da,4c5e0908fb1a9097c1bed37a3c29e849947e6fbd5828b63bc6ba2909525a5089
1,BeijingAir_Tiantan,Beijing Air Tiantan,4,ModernTCN,ModernTCN,4,time_stretch,TimeStretch,Timing,1.0304335311838102,1.0157441473256683,1.049190941151669,0.3102365580180252,0.29112935624342,0.3312071864982313,0.3010738185718888,1.5019724269220764,0.4522045739631168,noise,false,bffc3cf719dd48b497ad3b9b0a32a8da,4c5e0908fb1a9097c1bed37a3c29e849947e6fbd5828b63bc6ba2909525a5089
1,BeijingAir_Tiantan,Beijing Air Tiantan,4,ModernTCN,ModernTCN,5,time_compress,TimeCompress,Timing,1.005556617239686,0.9986323934284884,1.0124929071422684,0.3027467705425835,0.2840297830221452,0.3233291761616546,0.3010738185718888,1.5019724269220764,0.4522045739631168,noise,false,bffc3cf719dd48b497ad3b9b0a32a8da,4c5e0908fb1a9097c1bed37a3c29e849947e6fbd5828b63bc6ba2909525a5089
1,BeijingAir_Tiantan,Beijing Air Tiantan,4,ModernTCN,ModernTCN,6,stuck_sensor,StuckSensor,Availability,1.1438623373549368,1.1003860977179878,1.1927783804797265,0.3443870018280169,0.3216065594970766,0.3694078456429905,0.3010738185718888,1.5019724269220764,0.4522045739631168,noise,false,bffc3cf719dd48b497ad3b9b0a32a8da,4c5e0908fb1a9097c1bed37a3c29e849947e6fbd5828b63bc6ba2909525a5089
1,BeijingAir_Tiantan,Beijing Air Tiantan,4,ModernTCN,ModernTCN,7,missing_data,MissingData,Availability,1.0697707973463562,1.0451528032855792,1.0982597590933154,0.3220799789537617,0.3022098762086604,0.3433664107822914,0.3010738185718888,1.5019724269220764,0.4522045739631168,noise,false,bffc3cf719dd48b497ad3b9b0a32a8da,4c5e0908fb1a9097c1bed37a3c29e849947e6fbd5828b63bc6ba2909525a5089
1,BeijingAir_Tiantan,Beijing Air Tiantan,5,TSMixer,TSMixer,0,drift,Drift,Value,1.0927806985790038,1.0812669785173892,1.1053519576429367,0.3921519494670938,0.3706546795582431,0.4165508714804171,0.3588569508749817,1.1527123329503948,0.4136588330385654,attenuation,false,f26ecf129f89445c806cd2def2c60008,4c5e0908fb1a9097c1bed37a3c29e849947e6fbd5828b63bc6ba2909525a5089
1,BeijingAir_Tiantan,Beijing Air Tiantan,5,TSMixer,TSMixer,1,attenuation,Attenuation,Value,1.1527123329503948,1.1172708827890503,1.197049163796165,0.4136588330385654,0.3889144882259508,0.4418646261431387,0.3588569508749817,1.1527123329503948,0.4136588330385654,attenuation,true,f26ecf129f89445c806cd2def2c60008,4c5e0908fb1a9097c1bed37a3c29e849947e6fbd5828b63bc6ba2909525a5089
1,BeijingAir_Tiantan,Beijing Air Tiantan,5,TSMixer,TSMixer,2,noise,Noise,Value,1.116342668312177,1.0996789397304565,1.1344143223557386,0.4006073260821489,0.3793791765772381,0.4246058636910433,0.3588569508749817,1.1527123329503948,0.4136588330385654,attenuation,false,f26ecf129f89445c806cd2def2c60008,4c5e0908fb1a9097c1bed37a3c29e849947e6fbd5828b63bc6ba2909525a5089
1,BeijingAir_Tiantan,Beijing Air Tiantan,5,TSMixer,TSMixer,3,spike,Spike,Value,1.0695573894922208,1.045322257870847,1.0985278146265358,0.3838181035789835,0.3606853528445933,0.4088499315178882,0.3588569508749817,1.1527123329503948,0.4136588330385654,attenuation,false,f26ecf129f89445c806cd2def2c60008,4c5e0908fb1a9097c1bed37a3c29e849947e6fbd5828b63bc6ba2909525a5089
1,BeijingAir_Tiantan,Beijing Air Tiantan,5,TSMixer,TSMixer,4,time_stretch,TimeStretch,Timing,0.9880374114405026,0.9754645753422528,1.0016201061123478,0.3545640928199485,0.3337206780071481,0.3773950057510454,0.3588569508749817,1.1527123329503948,0.4136588330385654,attenuation,false,f26ecf129f89445c806cd2def2c60008,4c5e0908fb1a9097c1bed37a3c29e849947e6fbd5828b63bc6ba2909525a5089
1,BeijingAir_Tiantan,Beijing Air Tiantan,5,TSMixer,TSMixer,5,time_compress,TimeCompress,Timing,1.0071662700109518,0.9918526095867548,1.0234449202321592,0.3614286166802587,0.3404914120003265,0.3869047715535674,0.3588569508749817,1.1527123329503948,0.4136588330385654,attenuation,false,f26ecf129f89445c806cd2def2c60008,4c5e0908fb1a9097c1bed37a3c29e849947e6fbd5828b63bc6ba2909525a5089
1,BeijingAir_Tiantan,Beijing Air Tiantan,5,TSMixer,TSMixer,6,stuck_sensor,StuckSensor,Availability,1.0425220562788753,1.014823438422422,1.075304444472509,0.3741162863361533,0.3513131825771408,0.3988795877937864,0.3588569508749817,1.1527123329503948,0.4136588330385654,attenuation,false,f26ecf129f89445c806cd2def2c60008,4c5e0908fb1a9097c1bed37a3c29e849947e6fbd5828b63bc6ba2909525a5089
1,BeijingAir_Tiantan,Beijing Air Tiantan,5,TSMixer,TSMixer,7,missing_data,MissingData,Availability,1.0756495313897962,1.0482286026480117,1.1073250634305911,0.3860043110446451,0.3635655402016134,0.4131420240304261,0.3588569508749817,1.1527123329503948,0.4136588330385654,attenuation,false,f26ecf129f89445c806cd2def2c60008,4c5e0908fb1a9097c1bed37a3c29e849947e6fbd5828b63bc6ba2909525a5089
1,BeijingAir_Tiantan,Beijing Air Tiantan,6,PatchTST,PatchTST,0,drift,Drift,Value,1.1743618031855438,1.1541916878104346,1.1949118064968338,0.3967415302876514,0.3770414967755037,0.4182240090854728,0.3378358604745662,1.3761617485550213,0.4649167884752693,noise,false,bf9287ea69da4512a922e1e6f4087986,4c5e0908fb1a9097c1bed37a3c29e849947e6fbd5828b63bc6ba2909525a5089
1,BeijingAir_Tiantan,Beijing Air Tiantan,6,PatchTST,PatchTST,1,attenuation,Attenuation,Value,1.260407407882351,1.220887332380198,1.3062806316501256,0.4258108211904516,0.4014165079753773,0.4526978660891287,0.3378358604745662,1.3761617485550213,0.4649167884752693,noise,false,bf9287ea69da4512a922e1e6f4087986,4c5e0908fb1a9097c1bed37a3c29e849947e6fbd5828b63bc6ba2909525a5089
1,BeijingAir_Tiantan,Beijing Air Tiantan,6,PatchTST,PatchTST,2,noise,Noise,Value,1.3761617485550213,1.33716212551124,1.4180652704926038,0.4649167884752693,0.443679673176837,0.4886500577571087,0.3378358604745662,1.3761617485550213,0.4649167884752693,noise,true,bf9287ea69da4512a922e1e6f4087986,4c5e0908fb1a9097c1bed37a3c29e849947e6fbd5828b63bc6ba2909525a5089
1,BeijingAir_Tiantan,Beijing Air Tiantan,6,PatchTST,PatchTST,3,spike,Spike,Value,1.1989719546229376,1.119106420094837,1.2867114139785412,0.4050557219749127,0.3740669757440706,0.4434745855549996,0.3378358604745662,1.3761617485550213,0.4649167884752693,noise,false,bf9287ea69da4512a922e1e6f4087986,4c5e0908fb1a9097c1bed37a3c29e849947e6fbd5828b63bc6ba2909525a5089
1,BeijingAir_Tiantan,Beijing Air Tiantan,6,PatchTST,PatchTST,4,time_stretch,TimeStretch,Timing,1.0352179247647022,1.0189501405643613,1.0563956640060967,0.3497337383915779,0.3290625544268479,0.371134267387072,0.3378358604745662,1.3761617485550213,0.4649167884752693,noise,false,bf9287ea69da4512a922e1e6f4087986,4c5e0908fb1a9097c1bed37a3c29e849947e6fbd5828b63bc6ba2909525a5089
1,BeijingAir_Tiantan,Beijing Air Tiantan,6,PatchTST,PatchTST,5,time_compress,TimeCompress,Timing,0.998296345058214,0.9934661604670136,1.0032155380747907,0.3372603047413562,0.317236491456186,0.3595126254811162,0.3378358604745662,1.3761617485550213,0.4649167884752693,noise,false,bf9287ea69da4512a922e1e6f4087986,4c5e0908fb1a9097c1bed37a3c29e849947e6fbd5828b63bc6ba2909525a5089
1,BeijingAir_Tiantan,Beijing Air Tiantan,6,PatchTST,PatchTST,6,stuck_sensor,StuckSensor,Availability,1.175376665349626,1.1284510360515974,1.230183418462562,0.3970843871201172,0.3715328714200666,0.4249582169650506,0.3378358604745662,1.3761617485550213,0.4649167884752693,noise,false,bf9287ea69da4512a922e1e6f4087986,4c5e0908fb1a9097c1bed37a3c29e849947e6fbd5828b63bc6ba2909525a5089
1,BeijingAir_Tiantan,Beijing Air Tiantan,6,PatchTST,PatchTST,7,missing_data,MissingData,Availability,1.0745551886287257,1.0520341118842187,1.1032797046724243,0.3630232767777954,0.3419174344245995,0.3848661583851911,0.3378358604745662,1.3761617485550213,0.4649167884752693,noise,false,bf9287ea69da4512a922e1e6f4087986,4c5e0908fb1a9097c1bed37a3c29e849947e6fbd5828b63bc6ba2909525a5089
1,BeijingAir_Tiantan,Beijing Air Tiantan,7,Chronos2,Chronos2,0,drift,Drift,Value,1.1971544833238643,1.1774899283871372,1.2183119845175343,0.4175801776341493,0.3948492235151093,0.4442402443773189,0.3488106033523345,1.23019314263883,0.4291044123237548,stuck_sensor,false,b3e7b9a229724d3cab077d959057c670,4c5e0908fb1a9097c1bed37a3c29e849947e6fbd5828b63bc6ba2909525a5089
1,BeijingAir_Tiantan,Beijing Air Tiantan,7,Chronos2,Chronos2,1,attenuation,Attenuation,Value,1.1810537467365454,1.1377926801654905,1.2321214122726956,0.4119640699907096,0.3880025550499294,0.438277670779239,0.3488106033523345,1.23019314263883,0.4291044123237548,stuck_sensor,false,b3e7b9a229724d3cab077d959057c670,4c5e0908fb1a9097c1bed37a3c29e849947e6fbd5828b63bc6ba2909525a5089
1,BeijingAir_Tiantan,Beijing Air Tiantan,7,Chronos2,Chronos2,2,noise,Noise,Value,1.0774189585534295,1.0584490116595104,1.09763195948261,0.3758151569962657,0.3534816379945728,0.4010521499483572,0.3488106033523345,1.23019314263883,0.4291044123237548,stuck_sensor,false,b3e7b9a229724d3cab077d959057c670,4c5e0908fb1a9097c1bed37a3c29e849947e6fbd5828b63bc6ba2909525a5089
1,BeijingAir_Tiantan,Beijing Air Tiantan,7,Chronos2,Chronos2,3,spike,Spike,Value,1.1197525616023127,1.0686872476237397,1.1807747802547082,0.3905815666178248,0.3615309536486313,0.4205747400346604,0.3488106033523345,1.23019314263883,0.4291044123237548,stuck_sensor,false,b3e7b9a229724d3cab077d959057c670,4c5e0908fb1a9097c1bed37a3c29e849947e6fbd5828b63bc6ba2909525a5089
1,BeijingAir_Tiantan,Beijing Air Tiantan,7,Chronos2,Chronos2,4,time_stretch,TimeStretch,Timing,1.0342113036111702,1.0133751314321615,1.0584317021982792,0.3607438688064167,0.3359620527245942,0.3877026595465732,0.3488106033523345,1.23019314263883,0.4291044123237548,stuck_sensor,false,b3e7b9a229724d3cab077d959057c670,4c5e0908fb1a9097c1bed37a3c29e849947e6fbd5828b63bc6ba2909525a5089
1,BeijingAir_Tiantan,Beijing Air Tiantan,7,Chronos2,Chronos2,5,time_compress,TimeCompress,Timing,1.0064566476873151,0.9954228914017644,1.0182814885808278,0.3510627505277803,0.3288176961063211,0.3757049422660407,0.3488106033523345,1.23019314263883,0.4291044123237548,stuck_sensor,false,b3e7b9a229724d3cab077d959057c670,4c5e0908fb1a9097c1bed37a3c29e849947e6fbd5828b63bc6ba2909525a5089
1,BeijingAir_Tiantan,Beijing Air Tiantan,7,Chronos2,Chronos2,6,stuck_sensor,StuckSensor,Availability,1.23019314263883,1.176381337707304,1.2956125855582443,0.4291044123237548,0.4021756709720172,0.4608151532370092,0.3488106033523345,1.23019314263883,0.4291044123237548,stuck_sensor,true,b3e7b9a229724d3cab077d959057c670,4c5e0908fb1a9097c1bed37a3c29e849947e6fbd5828b63bc6ba2909525a5089
1,BeijingAir_Tiantan,Beijing Air Tiantan,7,Chronos2,Chronos2,7,missing_data,MissingData,Availability,1.1109243931905954,1.0707391610967902,1.1547729236847533,0.3875022078676376,0.3579592253740667,0.4194746422453249,0.3488106033523345,1.23019314263883,0.4291044123237548,stuck_sensor,false,b3e7b9a229724d3cab077d959057c670,4c5e0908fb1a9097c1bed37a3c29e849947e6fbd5828b63bc6ba2909525a5089
2,Penmanshiel_Hourly_WT08,Penmanshiel WT08,1,SeasonalNaive,SeasonalNaive,0,drift,Drift,Value,1.1898658696261806,1.1739825167595632,1.2076829246612422,0.4628304125167102,0.4468708246104532,0.4784924879629184,0.3889769631446924,1.3204154727826485,0.5136112006922579,noise,false,44d49900f195447783004972cddf02af,d379114cd53cbbe062e0e09b673d66d5a6d103c8d25daba8f040e64926c0f2d0
2,Penmanshiel_Hourly_WT08,Penmanshiel WT08,1,SeasonalNaive,SeasonalNaive,1,attenuation,Attenuation,Value,1.0400140920305696,1.0268289280493703,1.0541919710431338,0.4045415231457355,0.3906511149929557,0.4188769015967431,0.3889769631446924,1.3204154727826485,0.5136112006922579,noise,false,44d49900f195447783004972cddf02af,d379114cd53cbbe062e0e09b673d66d5a6d103c8d25daba8f040e64926c0f2d0
2,Penmanshiel_Hourly_WT08,Penmanshiel WT08,1,SeasonalNaive,SeasonalNaive,2,noise,Noise,Value,1.3204154727826485,1.2901590085302834,1.3532310315763012,0.5136112006922579,0.4946551243384145,0.5323123700383176,0.3889769631446924,1.3204154727826485,0.5136112006922579,noise,true,44d49900f195447783004972cddf02af,d379114cd53cbbe062e0e09b673d66d5a6d103c8d25daba8f040e64926c0f2d0
2,Penmanshiel_Hourly_WT08,Penmanshiel WT08,1,SeasonalNaive,SeasonalNaive,3,spike,Spike,Value,1.1936830959578213,1.117929849394515,1.2785534394626046,0.4643152256228277,0.4318879284973765,0.5023179268623693,0.3889769631446924,1.3204154727826485,0.5136112006922579,noise,false,44d49900f195447783004972cddf02af,d379114cd53cbbe062e0e09b673d66d5a6d103c8d25daba8f040e64926c0f2d0
2,Penmanshiel_Hourly_WT08,Penmanshiel WT08,1,SeasonalNaive,SeasonalNaive,4,time_stretch,TimeStretch,Timing,1.0161106175498116,1.0082519727591663,1.025902484835551,0.3952436222336036,0.3802239092423193,0.4093301557382563,0.3889769631446924,1.3204154727826485,0.5136112006922579,noise,false,44d49900f195447783004972cddf02af,d379114cd53cbbe062e0e09b673d66d5a6d103c8d25daba8f040e64926c0f2d0
2,Penmanshiel_Hourly_WT08,Penmanshiel WT08,1,SeasonalNaive,SeasonalNaive,5,time_compress,TimeCompress,Timing,0.9999999999999996,0.9999999999999988,1.0000000000000009,0.3889769631446922,0.3741362251214161,0.4027564508437339,0.3889769631446924,1.3204154727826485,0.5136112006922579,noise,false,44d49900f195447783004972cddf02af,d379114cd53cbbe062e0e09b673d66d5a6d103c8d25daba8f040e64926c0f2d0
2,Penmanshiel_Hourly_WT08,Penmanshiel WT08,1,SeasonalNaive,SeasonalNaive,6,stuck_sensor,StuckSensor,Availability,1.068896137795268,1.0516016529873302,1.0899069593110495,0.415775973596694,0.4002488452233078,0.4312690888198554,0.3889769631446924,1.3204154727826485,0.5136112006922579,noise,false,44d49900f195447783004972cddf02af,d379114cd53cbbe062e0e09b673d66d5a6d103c8d25daba8f040e64926c0f2d0
2,Penmanshiel_Hourly_WT08,Penmanshiel WT08,1,SeasonalNaive,SeasonalNaive,7,missing_data,MissingData,Availability,1.0267043463885916,1.016596469251221,1.0397082419631871,0.3993643387056906,0.3837765274270538,0.4134043930955526,0.3889769631446924,1.3204154727826485,0.5136112006922579,noise,false,44d49900f195447783004972cddf02af,d379114cd53cbbe062e0e09b673d66d5a6d103c8d25daba8f040e64926c0f2d0
2,Penmanshiel_Hourly_WT08,Penmanshiel WT08,2,DLinear,DLinear,0,drift,Drift,Value,1.1592735551603026,1.14496697473057,1.1749664276118088,0.3944419509359402,0.3819505527929001,0.4062714404275966,0.3402492441755021,1.2593600353792047,0.428496300182608,noise,false,60fed0bc9ac241f78ae88438e7a81bd7,d379114cd53cbbe062e0e09b673d66d5a6d103c8d25daba8f040e64926c0f2d0
2,Penmanshiel_Hourly_WT08,Penmanshiel WT08,2,DLinear,DLinear,1,attenuation,Attenuation,Value,1.1163291454790767,1.101514432261283,1.1315800526280455,0.37983014800034,0.3683720661275659,0.3912230676949909,0.3402492441755021,1.2593600353792047,0.428496300182608,noise,false,60fed0bc9ac241f78ae88438e7a81bd7,d379114cd53cbbe062e0e09b673d66d5a6d103c8d25daba8f040e64926c0f2d0
2,Penmanshiel_Hourly_WT08,Penmanshiel WT08,2,DLinear,DLinear,2,noise,Noise,Value,1.2593600353792047,1.233293587266708,1.2872387775358762,0.428496300182608,0.4139483772604313,0.442584023173094,0.3402492441755021,1.2593600353792047,0.428496300182608,noise,true,60fed0bc9ac241f78ae88438e7a81bd7,d379114cd53cbbe062e0e09b673d66d5a6d103c8d25daba8f040e64926c0f2d0
2,Penmanshiel_Hourly_WT08,Penmanshiel WT08,2,DLinear,DLinear,3,spike,Spike,Value,1.152177368242061,1.096149918198382,1.2181773660386457,0.3920274787004804,0.3694505661897151,0.4187613530126953,0.3402492441755021,1.2593600353792047,0.428496300182608,noise,false,60fed0bc9ac241f78ae88438e7a81bd7,d379114cd53cbbe062e0e09b673d66d5a6d103c8d25daba8f040e64926c0f2d0
2,Penmanshiel_Hourly_WT08,Penmanshiel WT08,2,DLinear,DLinear,4,time_stretch,TimeStretch,Timing,1.012756782854255,1.0050337717791027,1.02171826663221,0.3445897298997734,0.3329185747006646,0.3560410694316454,0.3402492441755021,1.2593600353792047,0.428496300182608,noise,false,60fed0bc9ac241f78ae88438e7a81bd7,d379114cd53cbbe062e0e09b673d66d5a6d103c8d25daba8f040e64926c0f2d0
2,Penmanshiel_Hourly_WT08,Penmanshiel WT08,2,DLinear,DLinear,5,time_compress,TimeCompress,Timing,1.00337651492291,1.0013065407588695,1.0053945657413697,0.3413981008259696,0.3296340485203403,0.3525940365394313,0.3402492441755021,1.2593600353792047,0.428496300182608,noise,false,60fed0bc9ac241f78ae88438e7a81bd7,d379114cd53cbbe062e0e09b673d66d5a6d103c8d25daba8f040e64926c0f2d0
2,Penmanshiel_Hourly_WT08,Penmanshiel WT08,2,DLinear,DLinear,6,stuck_sensor,StuckSensor,Availability,1.0647431456090335,1.048285599572957,1.0838596630651416,0.3622780505345203,0.3496015481041654,0.3744275041990669,0.3402492441755021,1.2593600353792047,0.428496300182608,noise,false,60fed0bc9ac241f78ae88438e7a81bd7,d379114cd53cbbe062e0e09b673d66d5a6d103c8d25daba8f040e64926c0f2d0
2,Penmanshiel_Hourly_WT08,Penmanshiel WT08,2,DLinear,DLinear,7,missing_data,MissingData,Availability,1.0259919704398344,1.015166731368618,1.0385480348932477,0.3490929924722877,0.3368011189860472,0.3605426751080985,0.3402492441755021,1.2593600353792047,0.428496300182608,noise,false,60fed0bc9ac241f78ae88438e7a81bd7,d379114cd53cbbe062e0e09b673d66d5a6d103c8d25daba8f040e64926c0f2d0
2,Penmanshiel_Hourly_WT08,Penmanshiel WT08,3,GRU,GRU,0,drift,Drift,Value,1.063679144443995,1.055286331308422,1.072394749806824,0.3676065480746038,0.3569701153985939,0.3780427482087122,0.3455990934811067,1.063679144443995,0.3676065480746038,drift,true,207cb29892c64707a2a730092d2a5c23,d379114cd53cbbe062e0e09b673d66d5a6d103c8d25daba8f040e64926c0f2d0
2,Penmanshiel_Hourly_WT08,Penmanshiel WT08,3,GRU,GRU,1,attenuation,Attenuation,Value,1.0553979631765336,1.0482832542496074,1.063131889711485,0.3647445793356164,0.3540741802588577,0.3750347178916414,0.3455990934811067,1.063679144443995,0.3676065480746038,drift,false,207cb29892c64707a2a730092d2a5c23,d379114cd53cbbe062e0e09b673d66d5a6d103c8d25daba8f040e64926c0f2d0
2,Penmanshiel_Hourly_WT08,Penmanshiel WT08,3,GRU,GRU,2,noise,Noise,Value,1.0185074271940866,1.0139008103935256,1.0236037103824966,0.3519952435420506,0.3415699489375943,0.3624302270025734,0.3455990934811067,1.063679144443995,0.3676065480746038,drift,false,207cb29892c64707a2a730092d2a5c23,d379114cd53cbbe062e0e09b673d66d5a6d103c8d25daba8f040e64926c0f2d0
2,Penmanshiel_Hourly_WT08,Penmanshiel WT08,3,GRU,GRU,3,spike,Spike,Value,1.011209598119538,1.0073997860248511,1.015131486627531,0.3494731204295065,0.3388399426829228,0.3599174401775645,0.3455990934811067,1.063679144443995,0.3676065480746038,drift,false,207cb29892c64707a2a730092d2a5c23,d379114cd53cbbe062e0e09b673d66d5a6d103c8d25daba8f040e64926c0f2d0
2,Penmanshiel_Hourly_WT08,Penmanshiel WT08,3,GRU,GRU,4,time_stretch,TimeStretch,Timing,1.0057758815634406,1.0024974998556038,1.0091643974871776,0.347595232913486,0.3367543362111648,0.3580942485599808,0.3455990934811067,1.063679144443995,0.3676065480746038,drift,false,207cb29892c64707a2a730092d2a5c23,d379114cd53cbbe062e0e09b673d66d5a6d103c8d25daba8f040e64926c0f2d0
2,Penmanshiel_Hourly_WT08,Penmanshiel WT08,3,GRU,GRU,5,time_compress,TimeCompress,Timing,1.0012601799751062,0.9999334151457628,1.0027339923068608,0.3460346105381264,0.3354250007297922,0.3564858866636641,0.3455990934811067,1.063679144443995,0.3676065480746038,drift,false,207cb29892c64707a2a730092d2a5c23,d379114cd53cbbe062e0e09b673d66d5a6d103c8d25daba8f040e64926c0f2d0
2,Penmanshiel_Hourly_WT08,Penmanshiel WT08,3,GRU,GRU,6,stuck_sensor,StuckSensor,Availability,1.0290703761374185,1.0214450350302955,1.0371526319883009,0.3556457891213533,0.3448579464274506,0.3661587958437261,0.3455990934811067,1.063679144443995,0.3676065480746038,drift,false,207cb29892c64707a2a730092d2a5c23,d379114cd53cbbe062e0e09b673d66d5a6d103c8d25daba8f040e64926c0f2d0
2,Penmanshiel_Hourly_WT08,Penmanshiel WT08,3,GRU,GRU,7,missing_data,MissingData,Availability,1.033031040459336,1.0240723800738711,1.0437643996058728,0.3570145911205909,0.3452416900822063,0.3674299180546324,0.3455990934811067,1.063679144443995,0.3676065480746038,drift,false,207cb29892c64707a2a730092d2a5c23,d379114cd53cbbe062e0e09b673d66d5a6d103c8d25daba8f040e64926c0f2d0
2,Penmanshiel_Hourly_WT08,Penmanshiel WT08,4,ModernTCN,ModernTCN,0,drift,Drift,Value,1.1042956068485037,1.0935255583367465,1.1159036067889294,0.3705193463733012,0.3588548391562288,0.3814906154618001,0.335525509723532,1.183148641445075,0.3969765509995632,noise,false,0a3c1ca1f138463992a2135c0a32d428,d379114cd53cbbe062e0e09b673d66d5a6d103c8d25daba8f040e64926c0f2d0
2,Penmanshiel_Hourly_WT08,Penmanshiel WT08,4,ModernTCN,ModernTCN,1,attenuation,Attenuation,Value,1.097097447412333,1.0852039353221143,1.1107760149433892,0.3681041802594089,0.3571457256262119,0.3782744286036313,0.335525509723532,1.183148641445075,0.3969765509995632,noise,false,0a3c1ca1f138463992a2135c0a32d428,d379114cd53cbbe062e0e09b673d66d5a6d103c8d25daba8f040e64926c0f2d0
2,Penmanshiel_Hourly_WT08,Penmanshiel WT08,4,ModernTCN,ModernTCN,2,noise,Noise,Value,1.183148641445075,1.1648539910389428,1.202886965368547,0.3969765509995632,0.3842887804068303,0.4088264722536371,0.335525509723532,1.183148641445075,0.3969765509995632,noise,true,0a3c1ca1f138463992a2135c0a32d428,d379114cd53cbbe062e0e09b673d66d5a6d103c8d25daba8f040e64926c0f2d0
2,Penmanshiel_Hourly_WT08,Penmanshiel WT08,4,ModernTCN,ModernTCN,3,spike,Spike,Value,1.104313515477288,1.0717609107849424,1.1442762000076443,0.3705253551751026,0.3552690397993955,0.3867502390912065,0.335525509723532,1.183148641445075,0.3969765509995632,noise,false,0a3c1ca1f138463992a2135c0a32d428,d379114cd53cbbe062e0e09b673d66d5a6d103c8d25daba8f040e64926c0f2d0
2,Penmanshiel_Hourly_WT08,Penmanshiel WT08,4,ModernTCN,ModernTCN,4,time_stretch,TimeStretch,Timing,1.006233238565841,0.999696174992496,1.0134520608352082,0.3376169202705641,0.3264440019674636,0.3476512710651927,0.335525509723532,1.183148641445075,0.3969765509995632,noise,false,0a3c1ca1f138463992a2135c0a32d428,d379114cd53cbbe062e0e09b673d66d5a6d103c8d25daba8f040e64926c0f2d0
2,Penmanshiel_Hourly_WT08,Penmanshiel WT08,4,ModernTCN,ModernTCN,5,time_compress,TimeCompress,Timing,1.004189652204646,1.0009937527125556,1.0075117296652552,0.3369312449150602,0.3257886650069538,0.3471705154725397,0.335525509723532,1.183148641445075,0.3969765509995632,noise,false,0a3c1ca1f138463992a2135c0a32d428,d379114cd53cbbe062e0e09b673d66d5a6d103c8d25daba8f040e64926c0f2d0
2,Penmanshiel_Hourly_WT08,Penmanshiel WT08,4,ModernTCN,ModernTCN,6,stuck_sensor,StuckSensor,Availability,1.0455449097995524,1.0330434504173078,1.0594912906574792,0.3508069887993391,0.3389394697402151,0.362302343636266,0.335525509723532,1.183148641445075,0.3969765509995632,noise,false,0a3c1ca1f138463992a2135c0a32d428,d379114cd53cbbe062e0e09b673d66d5a6d103c8d25daba8f040e64926c0f2d0
2,Penmanshiel_Hourly_WT08,Penmanshiel WT08,4,ModernTCN,ModernTCN,7,missing_data,MissingData,Availability,1.0268899682609904,1.0166946449828278,1.0383919187442678,0.3445477800307504,0.3327084624043727,0.3550392072208633,0.335525509723532,1.183148641445075,0.3969765509995632,noise,false,0a3c1ca1f138463992a2135c0a32d428,d379114cd53cbbe062e0e09b673d66d5a6d103c8d25daba8f040e64926c0f2d0
2,Penmanshiel_Hourly_WT08,Penmanshiel WT08,5,TSMixer,TSMixer,0,drift,Drift,Value,1.2314879592027943,1.212911650995372,1.2519608863036684,0.4346193858212791,0.4230274362988924,0.4464156677182315,0.3529221561391721,1.256385327503652,0.4434062187242089,noise,false,81269ff3e448446eb88faf6d72b2ac76,d379114cd53cbbe062e0e09b673d66d5a6d103c8d25daba8f040e64926c0f2d0
2,Penmanshiel_Hourly_WT08,Penmanshiel WT08,5,TSMixer,TSMixer,1,attenuation,Attenuation,Value,1.0784886528465372,1.068007742426029,1.0894113140851174,0.380622540734231,0.3692212920472104,0.3911989886113731,0.3529221561391721,1.256385327503652,0.4434062187242089,noise,false,81269ff3e448446eb88faf6d72b2ac76,d379114cd53cbbe062e0e09b673d66d5a6d103c8d25daba8f040e64926c0f2d0
2,Penmanshiel_Hourly_WT08,Penmanshiel WT08,5,TSMixer,TSMixer,2,noise,Noise,Value,1.256385327503652,1.235247415297208,1.2787153360486725,0.4434062187242089,0.4311810680724628,0.4560427623838675,0.3529221561391721,1.256385327503652,0.4434062187242089,noise,true,81269ff3e448446eb88faf6d72b2ac76,d379114cd53cbbe062e0e09b673d66d5a6d103c8d25daba8f040e64926c0f2d0
2,Penmanshiel_Hourly_WT08,Penmanshiel WT08,5,TSMixer,TSMixer,3,spike,Spike,Value,1.146647070038754,1.1243387451183984,1.1698595385768216,0.4046771562887414,0.3915055379168473,0.4174601908682394,0.3529221561391721,1.256385327503652,0.4434062187242089,noise,false,81269ff3e448446eb88faf6d72b2ac76,d379114cd53cbbe062e0e09b673d66d5a6d103c8d25daba8f040e64926c0f2d0
2,Penmanshiel_Hourly_WT08,Penmanshiel WT08,5,TSMixer,TSMixer,4,time_stretch,TimeStretch,Timing,1.0019072350070184,0.9970356911488124,1.0070210665366717,0.3535952616301132,0.3423559750055847,0.3638175698547091,0.3529221561391721,1.256385327503652,0.4434062187242089,noise,false,81269ff3e448446eb88faf6d72b2ac76,d379114cd53cbbe062e0e09b673d66d5a6d103c8d25daba8f040e64926c0f2d0
2,Penmanshiel_Hourly_WT08,Penmanshiel WT08,5,TSMixer,TSMixer,5,time_compress,TimeCompress,Timing,1.0002695546658649,0.9968951066143688,1.003380738690064,0.3530172879530466,0.3416866132857272,0.3632809478787298,0.3529221561391721,1.256385327503652,0.4434062187242089,noise,false,81269ff3e448446eb88faf6d72b2ac76,d379114cd53cbbe062e0e09b673d66d5a6d103c8d25daba8f040e64926c0f2d0
2,Penmanshiel_Hourly_WT08,Penmanshiel WT08,5,TSMixer,TSMixer,6,stuck_sensor,StuckSensor,Availability,1.023261366183026,1.0142021661047884,1.0329770350575107,0.3611316076472285,0.3497339094519574,0.3720657647380274,0.3529221561391721,1.256385327503652,0.4434062187242089,noise,false,81269ff3e448446eb88faf6d72b2ac76,d379114cd53cbbe062e0e09b673d66d5a6d103c8d25daba8f040e64926c0f2d0
2,Penmanshiel_Hourly_WT08,Penmanshiel WT08,5,TSMixer,TSMixer,7,missing_data,MissingData,Availability,1.0204893580004413,1.0103185946930575,1.0321612248818277,0.3601533045425953,0.3482663323537061,0.3702191832045748,0.3529221561391721,1.256385327503652,0.4434062187242089,noise,false,81269ff3e448446eb88faf6d72b2ac76,d379114cd53cbbe062e0e09b673d66d5a6d103c8d25daba8f040e64926c0f2d0
2,Penmanshiel_Hourly_WT08,Penmanshiel WT08,6,PatchTST,PatchTST,0,drift,Drift,Value,1.2020969749579795,1.1842467913516754,1.221097654368627,0.4255162356211512,0.4136868918618407,0.4370109059999589,0.3539782933369628,1.2020969749579795,0.4255162356211512,drift,true,533ed0154c5c4e8195654b6e744969b6,d379114cd53cbbe062e0e09b673d66d5a6d103c8d25daba8f040e64926c0f2d0
2,Penmanshiel_Hourly_WT08,Penmanshiel WT08,6,PatchTST,PatchTST,1,attenuation,Attenuation,Value,1.1210948639340217,1.107804452156852,1.1355783041689422,0.3968432466041995,0.3859525244236328,0.4079658324249997,0.3539782933369628,1.2020969749579795,0.4255162356211512,drift,false,533ed0154c5c4e8195654b6e744969b6,d379114cd53cbbe062e0e09b673d66d5a6d103c8d25daba8f040e64926c0f2d0
2,Penmanshiel_Hourly_WT08,Penmanshiel WT08,6,PatchTST,PatchTST,2,noise,Noise,Value,1.1912661562529967,1.1717175107634406,1.212541148129438,0.4216823609005194,0.4089695425987412,0.4341606083536919,0.3539782933369628,1.2020969749579795,0.4255162356211512,drift,false,533ed0154c5c4e8195654b6e744969b6,d379114cd53cbbe062e0e09b673d66d5a6d103c8d25daba8f040e64926c0f2d0
2,Penmanshiel_Hourly_WT08,Penmanshiel WT08,6,PatchTST,PatchTST,3,spike,Spike,Value,1.1820953565451309,1.1263649413199983,1.2480754964325027,0.418436096871394,0.3963114390397502,0.4437550091420667,0.3539782933369628,1.2020969749579795,0.4255162356211512,drift,false,533ed0154c5c4e8195654b6e744969b6,d379114cd53cbbe062e0e09b673d66d5a6d103c8d25daba8f040e64926c0f2d0
2,Penmanshiel_Hourly_WT08,Penmanshiel WT08,6,PatchTST,PatchTST,4,time_stretch,TimeStretch,Timing,1.012628528922492,1.0052771935712763,1.0212127333615446,0.3584485184523029,0.3480059339148233,0.3691145008515363,0.3539782933369628,1.2020969749579795,0.4255162356211512,drift,false,533ed0154c5c4e8195654b6e744969b6,d379114cd53cbbe062e0e09b673d66d5a6d103c8d25daba8f040e64926c0f2d0
2,Penmanshiel_Hourly_WT08,Penmanshiel WT08,6,PatchTST,PatchTST,5,time_compress,TimeCompress,Timing,1.0024296768779264,0.9989920775915684,1.0059924370927245,0.3548383462115714,0.3441930095684271,0.3646840657396517,0.3539782933369628,1.2020969749579795,0.4255162356211512,drift,false,533ed0154c5c4e8195654b6e744969b6,d379114cd53cbbe062e0e09b673d66d5a6d103c8d25daba8f040e64926c0f2d0
2,Penmanshiel_Hourly_WT08,Penmanshiel WT08,6,PatchTST,PatchTST,6,stuck_sensor,StuckSensor,Availability,1.0782130120574291,1.059149498543127,1.0999768893962247,0.3816640018617948,0.369146252345017,0.3946390988153856,0.3539782933369628,1.2020969749579795,0.4255162356211512,drift,false,533ed0154c5c4e8195654b6e744969b6,d379114cd53cbbe062e0e09b673d66d5a6d103c8d25daba8f040e64926c0f2d0
2,Penmanshiel_Hourly_WT08,Penmanshiel WT08,6,PatchTST,PatchTST,7,missing_data,MissingData,Availability,1.0283510757297598,1.017755941650489,1.0401151729917293,0.3640139587380501,0.3524739733132742,0.3749111098323184,0.3539782933369628,1.2020969749579795,0.4255162356211512,drift,false,533ed0154c5c4e8195654b6e744969b6,d379114cd53cbbe062e0e09b673d66d5a6d103c8d25daba8f040e64926c0f2d0
2,Penmanshiel_Hourly_WT08,Penmanshiel WT08,7,Chronos2,Chronos2,0,drift,Drift,Value,1.1599573577847928,1.1456676674408794,1.1775815436316888,0.4656673556226398,0.4505488295620248,0.4811309020202711,0.4014521331300828,1.1599573577847928,0.4656673556226398,drift,true,5ee5587a822c45ed8fbf5dd85e911272,d379114cd53cbbe062e0e09b673d66d5a6d103c8d25daba8f040e64926c0f2d0
2,Penmanshiel_Hourly_WT08,Penmanshiel WT08,7,Chronos2,Chronos2,1,attenuation,Attenuation,Value,1.0531611007773982,1.0406277257537335,1.0669151220420567,0.4227937704367127,0.4091507705200663,0.4366879969052766,0.4014521331300828,1.1599573577847928,0.4656673556226398,drift,false,5ee5587a822c45ed8fbf5dd85e911272,d379114cd53cbbe062e0e09b673d66d5a6d103c8d25daba8f040e64926c0f2d0
2,Penmanshiel_Hourly_WT08,Penmanshiel WT08,7,Chronos2,Chronos2,2,noise,Noise,Value,1.028640737589151,1.0203508638086554,1.0375429617956358,0.4129500183296664,0.3987415351661912,0.4275775886225678,0.4014521331300828,1.1599573577847928,0.4656673556226398,drift,false,5ee5587a822c45ed8fbf5dd85e911272,d379114cd53cbbe062e0e09b673d66d5a6d103c8d25daba8f040e64926c0f2d0
2,Penmanshiel_Hourly_WT08,Penmanshiel WT08,7,Chronos2,Chronos2,3,spike,Spike,Value,1.0531749952786014,1.0356968483283986,1.0750241155806548,0.4227993484138594,0.4065214503369469,0.4391071670072407,0.4014521331300828,1.1599573577847928,0.4656673556226398,drift,false,5ee5587a822c45ed8fbf5dd85e911272,d379114cd53cbbe062e0e09b673d66d5a6d103c8d25daba8f040e64926c0f2d0
2,Penmanshiel_Hourly_WT08,Penmanshiel WT08,7,Chronos2,Chronos2,4,time_stretch,TimeStretch,Timing,1.0002913474268522,0.9890935903621076,1.0129439717470372,0.4015690951760746,0.3870102451486695,0.4158784790885166,0.4014521331300828,1.1599573577847928,0.4656673556226398,drift,false,5ee5587a822c45ed8fbf5dd85e911272,d379114cd53cbbe062e0e09b673d66d5a6d103c8d25daba8f040e64926c0f2d0
2,Penmanshiel_Hourly_WT08,Penmanshiel WT08,7,Chronos2,Chronos2,5,time_compress,TimeCompress,Timing,0.994635108932064,0.9872785107410584,1.0018372813828949,0.3992983861668494,0.3853100174450252,0.4141486979622085,0.4014521331300828,1.1599573577847928,0.4656673556226398,drift,false,5ee5587a822c45ed8fbf5dd85e911272,d379114cd53cbbe062e0e09b673d66d5a6d103c8d25daba8f040e64926c0f2d0
2,Penmanshiel_Hourly_WT08,Penmanshiel WT08,7,Chronos2,Chronos2,6,stuck_sensor,StuckSensor,Availability,1.0951412621204852,1.0731421142792612,1.1208349474993744,0.4396467957570399,0.4235102969734798,0.4557318575659825,0.4014521331300828,1.1599573577847928,0.4656673556226398,drift,false,5ee5587a822c45ed8fbf5dd85e911272,d379114cd53cbbe062e0e09b673d66d5a6d103c8d25daba8f040e64926c0f2d0
2,Penmanshiel_Hourly_WT08,Penmanshiel WT08,7,Chronos2,Chronos2,7,missing_data,MissingData,Availability,1.0298775696302178,1.0140936033101078,1.0473839327402392,0.4134465471908763,0.3979187215003734,0.4283998203717819,0.4014521331300828,1.1599573577847928,0.4656673556226398,drift,false,5ee5587a822c45ed8fbf5dd85e911272,d379114cd53cbbe062e0e09b673d66d5a6d103c8d25daba8f040e64926c0f2d0
3,ETTh1,ETTh1,1,SeasonalNaive,SeasonalNaive,0,drift,Drift,Value,1.1142930034164265,1.1104401059284257,1.1180048157882372,0.7064576703891158,0.698683656982854,0.7136651185365767,0.6339963261216879,1.287904387857477,0.8165266502976417,missing_data,false,5d0c98c7baa349728d577856828c860d,4a82efae1ffe76a156a2bf948861e2da349ef1c1c994d9f24654525f47fbf14d
3,ETTh1,ETTh1,1,SeasonalNaive,SeasonalNaive,1,attenuation,Attenuation,Value,1.0065848756875286,1.0035321573303029,1.0098971219329036,0.6381711131155491,0.6318322926418483,0.6446099621183797,0.6339963261216879,1.287904387857477,0.8165266502976417,missing_data,false,5d0c98c7baa349728d577856828c860d,4a82efae1ffe76a156a2bf948861e2da349ef1c1c994d9f24654525f47fbf14d
3,ETTh1,ETTh1,1,SeasonalNaive,SeasonalNaive,2,noise,Noise,Value,1.1997892775747685,1.1951201186595066,1.204996058591001,0.7606619941025973,0.7535610021767021,0.7678444869345427,0.6339963261216879,1.287904387857477,0.8165266502976417,missing_data,false,5d0c98c7baa349728d577856828c860d,4a82efae1ffe76a156a2bf948861e2da349ef1c1c994d9f24654525f47fbf14d
3,ETTh1,ETTh1,1,SeasonalNaive,SeasonalNaive,3,spike,Spike,Value,1.1164506466367934,1.1121377849900402,1.1209653423603774,0.7078256082639098,0.7002814718950168,0.7151229538262636,0.6339963261216879,1.287904387857477,0.8165266502976417,missing_data,false,5d0c98c7baa349728d577856828c860d,4a82efae1ffe76a156a2bf948861e2da349ef1c1c994d9f24654525f47fbf14d
3,ETTh1,ETTh1,1,SeasonalNaive,SeasonalNaive,4,time_stretch,TimeStretch,Timing,1.1191049967681086,1.1120859014764284,1.1257864754791431,0.7095084564954043,0.7016302801986039,0.7168138301003725,0.6339963261216879,1.287904387857477,0.8165266502976417,missing_data,false,5d0c98c7baa349728d577856828c860d,4a82efae1ffe76a156a2bf948861e2da349ef1c1c994d9f24654525f47fbf14d
3,ETTh1,ETTh1,1,SeasonalNaive,SeasonalNaive,5,time_compress,TimeCompress,Timing,1.1214205069097645,1.1132522367785245,1.129057274770415,0.7109764814183116,0.702635622963123,0.719377170936577,0.6339963261216879,1.287904387857477,0.8165266502976417,missing_data,false,5d0c98c7baa349728d577856828c860d,4a82efae1ffe76a156a2bf948861e2da349ef1c1c994d9f24654525f47fbf14d
3,ETTh1,ETTh1,1,SeasonalNaive,SeasonalNaive,6,stuck_sensor,StuckSensor,Availability,1.2221935091091358,1.2121396674942757,1.233610379065644,0.7748661945849658,0.7660952361824737,0.783270706228353,0.6339963261216879,1.287904387857477,0.8165266502976417,missing_data,false,5d0c98c7baa349728d577856828c860d,4a82efae1ffe76a156a2bf948861e2da349ef1c1c994d9f24654525f47fbf14d
3,ETTh1,ETTh1,1,SeasonalNaive,SeasonalNaive,7,missing_data,MissingData,Availability,1.287904387857477,1.2722298888313075,1.304984109602632,0.8165266502976417,0.8045276324312389,0.828731444042325,0.6339963261216879,1.287904387857477,0.8165266502976417,missing_data,true,5d0c98c7baa349728d577856828c860d,4a82efae1ffe76a156a2bf948861e2da349ef1c1c994d9f24654525f47fbf14d
3,ETTh1,ETTh1,2,DLinear,DLinear,0,drift,Drift,Value,1.1196123932944662,1.1158988885454373,1.1233669155880033,0.4902463213637471,0.4862478721867874,0.4944552126445994,0.4378714672148228,1.2507785894272812,0.54768025611341,stuck_sensor,false,2c53c17080c14c5aaa939b6c45fbe0a3,4a82efae1ffe76a156a2bf948861e2da349ef1c1c994d9f24654525f47fbf14d
3,ETTh1,ETTh1,2,DLinear,DLinear,1,attenuation,Attenuation,Value,1.1261540353298214,1.1214876802767118,1.130907572832582,0.4931107197597623,0.4890120045283064,0.4971982780886441,0.4378714672148228,1.2507785894272812,0.54768025611341,stuck_sensor,false,2c53c17080c14c5aaa939b6c45fbe0a3,4a82efae1ffe76a156a2bf948861e2da349ef1c1c994d9f24654525f47fbf14d
3,ETTh1,ETTh1,2,DLinear,DLinear,2,noise,Noise,Value,1.0465632140742849,1.0450660438880286,1.0482220344227835,0.4582601700797677,0.4545811464569345,0.4621772811936959,0.4378714672148228,1.2507785894272812,0.54768025611341,stuck_sensor,false,2c53c17080c14c5aaa939b6c45fbe0a3,4a82efae1ffe76a156a2bf948861e2da349ef1c1c994d9f24654525f47fbf14d
3,ETTh1,ETTh1,2,DLinear,DLinear,3,spike,Spike,Value,1.0253227877289133,1.023538413351154,1.0271714026211514,0.4489595934316516,0.4451853254645318,0.4528516518451273,0.4378714672148228,1.2507785894272812,0.54768025611341,stuck_sensor,false,2c53c17080c14c5aaa939b6c45fbe0a3,4a82efae1ffe76a156a2bf948861e2da349ef1c1c994d9f24654525f47fbf14d
3,ETTh1,ETTh1,2,DLinear,DLinear,4,time_stretch,TimeStretch,Timing,1.091623915667942,1.088209443390803,1.0949730624729703,0.4779909656003117,0.4742900346162542,0.4817844050144031,0.4378714672148228,1.2507785894272812,0.54768025611341,stuck_sensor,false,2c53c17080c14c5aaa939b6c45fbe0a3,4a82efae1ffe76a156a2bf948861e2da349ef1c1c994d9f24654525f47fbf14d
3,ETTh1,ETTh1,2,DLinear,DLinear,5,time_compress,TimeCompress,Timing,1.11138486004462,1.107405964474233,1.1152961466702842,0.4866437193080783,0.4826096425366402,0.4907300410250201,0.4378714672148228,1.2507785894272812,0.54768025611341,stuck_sensor,false,2c53c17080c14c5aaa939b6c45fbe0a3,4a82efae1ffe76a156a2bf948861e2da349ef1c1c994d9f24654525f47fbf14d
3,ETTh1,ETTh1,2,DLinear,DLinear,6,stuck_sensor,StuckSensor,Availability,1.2507785894272812,1.2406724980294024,1.2607403026116573,0.54768025611341,0.542018803274408,0.55314235665977,0.4378714672148228,1.2507785894272812,0.54768025611341,stuck_sensor,true,2c53c17080c14c5aaa939b6c45fbe0a3,4a82efae1ffe76a156a2bf948861e2da349ef1c1c994d9f24654525f47fbf14d
3,ETTh1,ETTh1,2,DLinear,DLinear,7,missing_data,MissingData,Availability,1.1806904905824611,1.173716561741752,1.187699268283385,0.5169906774379313,0.5124290778673254,0.5212930110144988,0.4378714672148228,1.2507785894272812,0.54768025611341,stuck_sensor,false,2c53c17080c14c5aaa939b6c45fbe0a3,4a82efae1ffe76a156a2bf948861e2da349ef1c1c994d9f24654525f47fbf14d
3,ETTh1,ETTh1,3,GRU,GRU,0,drift,Drift,Value,0.9982363310549928,0.9962245947991556,1.0001780892304368,0.6632393766880036,0.6586756422260405,0.66721783993043,0.6644111780494452,1.0641139824735013,0.7070092246741057,missing_data,false,36598a0f6b774ca4a4d3b82906b8927d,4a82efae1ffe76a156a2bf948861e2da349ef1c1c994d9f24654525f47fbf14d
3,ETTh1,ETTh1,3,GRU,GRU,1,attenuation,Attenuation,Value,1.024865859081501,1.0231990281855403,1.0266413719919647,0.6809323327749968,0.6769206288982927,0.6846890455205739,0.6644111780494452,1.0641139824735013,0.7070092246741057,missing_data,false,36598a0f6b774ca4a4d3b82906b8927d,4a82efae1ffe76a156a2bf948861e2da349ef1c1c994d9f24654525f47fbf14d
3,ETTh1,ETTh1,3,GRU,GRU,2,noise,Noise,Value,1.0103589712751933,1.0094541448549168,1.0112142587399366,0.6712937943577767,0.6668468078777938,0.6751656876194477,0.6644111780494452,1.0641139824735013,0.7070092246741057,missing_data,false,36598a0f6b774ca4a4d3b82906b8927d,4a82efae1ffe76a156a2bf948861e2da349ef1c1c994d9f24654525f47fbf14d
3,ETTh1,ETTh1,3,GRU,GRU,3,spike,Spike,Value,1.00113490679294,1.0005019388419714,1.001777918110944,0.6651652228087187,0.6608585639173538,0.669069374761507,0.6644111780494452,1.0641139824735013,0.7070092246741057,missing_data,false,36598a0f6b774ca4a4d3b82906b8927d,4a82efae1ffe76a156a2bf948861e2da349ef1c1c994d9f24654525f47fbf14d
3,ETTh1,ETTh1,3,GRU,GRU,4,time_stretch,TimeStretch,Timing,1.0173101925589936,1.0148958566443749,1.0198408833651147,0.6759122634798288,0.671376776061356,0.6801797560358047,0.6644111780494452,1.0641139824735013,0.7070092246741057,missing_data,false,36598a0f6b774ca4a4d3b82906b8927d,4a82efae1ffe76a156a2bf948861e2da349ef1c1c994d9f24654525f47fbf14d
3,ETTh1,ETTh1,3,GRU,GRU,5,time_compress,TimeCompress,Timing,1.0145021934318978,1.012519302427534,1.016640930938972,0.6740465974718333,0.6696151126454025,0.6781491750571876,0.6644111780494452,1.0641139824735013,0.7070092246741057,missing_data,false,36598a0f6b774ca4a4d3b82906b8927d,4a82efae1ffe76a156a2bf948861e2da349ef1c1c994d9f24654525f47fbf14d
3,ETTh1,ETTh1,3,GRU,GRU,6,stuck_sensor,StuckSensor,Availability,1.0413568308768808,1.0377640752638049,1.0455168987656582,0.6918891187727452,0.6870532728954405,0.6966152619104461,0.6644111780494452,1.0641139824735013,0.7070092246741057,missing_data,false,36598a0f6b774ca4a4d3b82906b8927d,4a82efae1ffe76a156a2bf948861e2da349ef1c1c994d9f24654525f47fbf14d
3,ETTh1,ETTh1,3,GRU,GRU,7,missing_data,MissingData,Availability,1.0641139824735013,1.0593880911371976,1.0693072645136994,0.7070092246741057,0.7020787014432996,0.7123068550929427,0.6644111780494452,1.0641139824735013,0.7070092246741057,missing_data,true,36598a0f6b774ca4a4d3b82906b8927d,4a82efae1ffe76a156a2bf948861e2da349ef1c1c994d9f24654525f47fbf14d
3,ETTh1,ETTh1,4,ModernTCN,ModernTCN,0,drift,Drift,Value,1.0762990191827573,1.073217971469567,1.0792437915211197,0.4970748977959156,0.4928206065668538,0.5013862765157968,0.4618371743693947,1.215928962419653,0.5615611962378025,stuck_sensor,false,920f0d5691bd441c95bac6953be76afe,4a82efae1ffe76a156a2bf948861e2da349ef1c1c994d9f24654525f47fbf14d
3,ETTh1,ETTh1,4,ModernTCN,ModernTCN,1,attenuation,Attenuation,Value,1.1364467104239142,1.1322582247429864,1.140671141028409,0.5248533375635743,0.5205877407602221,0.5291360670641064,0.4618371743693947,1.215928962419653,0.5615611962378025,stuck_sensor,false,920f0d5691bd441c95bac6953be76afe,4a82efae1ffe76a156a2bf948861e2da349ef1c1c994d9f24654525f47fbf14d
3,ETTh1,ETTh1,4,ModernTCN,ModernTCN,2,noise,Noise,Value,1.04263339816683,1.041379423889084,1.0440801384226952,0.4815268625125289,0.4776001932892203,0.4856571728689223,0.4618371743693947,1.215928962419653,0.5615611962378025,stuck_sensor,false,920f0d5691bd441c95bac6953be76afe,4a82efae1ffe76a156a2bf948861e2da349ef1c1c994d9f24654525f47fbf14d
3,ETTh1,ETTh1,4,ModernTCN,ModernTCN,3,spike,Spike,Value,1.0235061069472695,1.0222582463292182,1.0248876182737243,0.4726931683823466,0.4687828622650355,0.47683009254992,0.4618371743693947,1.215928962419653,0.5615611962378025,stuck_sensor,false,920f0d5691bd441c95bac6953be76afe,4a82efae1ffe76a156a2bf948861e2da349ef1c1c994d9f24654525f47fbf14d
3,ETTh1,ETTh1,4,ModernTCN,ModernTCN,4,time_stretch,TimeStretch,Timing,1.1025456664403834,1.0992392343231956,1.1057723518501186,0.5091965752020479,0.5051474158897623,0.513266991370879,0.4618371743693947,1.215928962419653,0.5615611962378025,stuck_sensor,false,920f0d5691bd441c95bac6953be76afe,4a82efae1ffe76a156a2bf948861e2da349ef1c1c994d9f24654525f47fbf14d
3,ETTh1,ETTh1,4,ModernTCN,ModernTCN,5,time_compress,TimeCompress,Timing,1.1270805159067463,1.1226645749190656,1.1316023738323533,0.5205276807531715,0.5160412916427851,0.5249168209862337,0.4618371743693947,1.215928962419653,0.5615611962378025,stuck_sensor,false,920f0d5691bd441c95bac6953be76afe,4a82efae1ffe76a156a2bf948861e2da349ef1c1c994d9f24654525f47fbf14d
3,ETTh1,ETTh1,4,ModernTCN,ModernTCN,6,stuck_sensor,StuckSensor,Availability,1.215928962419653,1.207935401810767,1.224134408373835,0.5615611962378025,0.5561880164084211,0.5668137748709321,0.4618371743693947,1.215928962419653,0.5615611962378025,stuck_sensor,true,920f0d5691bd441c95bac6953be76afe,4a82efae1ffe76a156a2bf948861e2da349ef1c1c994d9f24654525f47fbf14d
3,ETTh1,ETTh1,4,ModernTCN,ModernTCN,7,missing_data,MissingData,Availability,1.1857790152379115,1.1793032958722314,1.1925364263845533,0.5476368298240006,0.542713825239446,0.5523002069287002,0.4618371743693947,1.215928962419653,0.5615611962378025,stuck_sensor,false,920f0d5691bd441c95bac6953be76afe,4a82efae1ffe76a156a2bf948861e2da349ef1c1c994d9f24654525f47fbf14d
3,ETTh1,ETTh1,5,TSMixer,TSMixer,0,drift,Drift,Value,1.048024707337104,1.0452379680039738,1.0508159318732404,0.4976633469969034,0.4936429130480065,0.5018072940593213,0.4748584107920527,1.1688347780184012,0.5550310251682997,stuck_sensor,false,2d589960c4334ac5adff37c302ad60ee,4a82efae1ffe76a156a2bf948861e2da349ef1c1c994d9f24654525f47fbf14d
3,ETTh1,ETTh1,5,TSMixer,TSMixer,1,attenuation,Attenuation,Value,1.105170410101749,1.1013282510669171,1.108997113543035,0.5247994645953178,0.5208242416144535,0.5290431276268139,0.4748584107920527,1.1688347780184012,0.5550310251682997,stuck_sensor,false,2d589960c4334ac5adff37c302ad60ee,4a82efae1ffe76a156a2bf948861e2da349ef1c1c994d9f24654525f47fbf14d
3,ETTh1,ETTh1,5,TSMixer,TSMixer,2,noise,Noise,Value,1.0527740696653665,1.050814618202155,1.0547327955260688,0.4999186216443777,0.4962161700302734,0.5039535214694217,0.4748584107920527,1.1688347780184012,0.5550310251682997,stuck_sensor,false,2d589960c4334ac5adff37c302ad60ee,4a82efae1ffe76a156a2bf948861e2da349ef1c1c994d9f24654525f47fbf14d
3,ETTh1,ETTh1,5,TSMixer,TSMixer,3,spike,Spike,Value,1.030012990024742,1.0284824587072847,1.0316213229456208,0.4891103315383195,0.4852535792506113,0.4931970463966951,0.4748584107920527,1.1688347780184012,0.5550310251682997,stuck_sensor,false,2d589960c4334ac5adff37c302ad60ee,4a82efae1ffe76a156a2bf948861e2da349ef1c1c994d9f24654525f47fbf14d
3,ETTh1,ETTh1,5,TSMixer,TSMixer,4,time_stretch,TimeStretch,Timing,1.0776538077093682,1.0743709890005886,1.0809759813638131,0.511732974512875,0.5076684383735434,0.5158581914377958,0.4748584107920527,1.1688347780184012,0.5550310251682997,stuck_sensor,false,2d589960c4334ac5adff37c302ad60ee,4a82efae1ffe76a156a2bf948861e2da349ef1c1c994d9f24654525f47fbf14d
3,ETTh1,ETTh1,5,TSMixer,TSMixer,5,time_compress,TimeCompress,Timing,1.0978716115724214,1.0936420950693613,1.102134359039107,0.5213335687249899,0.5169392332133278,0.5255959432211146,0.4748584107920527,1.1688347780184012,0.5550310251682997,stuck_sensor,false,2d589960c4334ac5adff37c302ad60ee,4a82efae1ffe76a156a2bf948861e2da349ef1c1c994d9f24654525f47fbf14d
3,ETTh1,ETTh1,5,TSMixer,TSMixer,6,stuck_sensor,StuckSensor,Availability,1.1688347780184012,1.1616646559276154,1.1766203354310056,0.5550310251682997,0.549884921493642,0.5598644565667584,0.4748584107920527,1.1688347780184012,0.5550310251682997,stuck_sensor,true,2d589960c4334ac5adff37c302ad60ee,4a82efae1ffe76a156a2bf948861e2da349ef1c1c994d9f24654525f47fbf14d
3,ETTh1,ETTh1,5,TSMixer,TSMixer,7,missing_data,MissingData,Availability,1.1661320509384496,1.160125863287557,1.172565348164374,0.5537476124823093,0.5489294683090598,0.5585266452108696,0.4748584107920527,1.1688347780184012,0.5550310251682997,stuck_sensor,false,2d589960c4334ac5adff37c302ad60ee,4a82efae1ffe76a156a2bf948861e2da349ef1c1c994d9f24654525f47fbf14d
3,ETTh1,ETTh1,6,PatchTST,PatchTST,0,drift,Drift,Value,1.1879374480606766,1.1827877482014926,1.1932752513686171,0.5123130159199237,0.5080607630544156,0.5165625910355152,0.4312626197248697,1.3121988937420432,0.5659023325152696,stuck_sensor,false,519b468e69dd465daa969d3d9b3ffdf0,4a82efae1ffe76a156a2bf948861e2da349ef1c1c994d9f24654525f47fbf14d
3,ETTh1,ETTh1,6,PatchTST,PatchTST,1,attenuation,Attenuation,Value,1.1369346159024063,1.132396069201714,1.1414541043303223,0.4903174009099603,0.486294310805127,0.4942769359250366,0.4312626197248697,1.3121988937420432,0.5659023325152696,stuck_sensor,false,519b468e69dd465daa969d3d9b3ffdf0,4a82efae1ffe76a156a2bf948861e2da349ef1c1c994d9f24654525f47fbf14d
3,ETTh1,ETTh1,6,PatchTST,PatchTST,2,noise,Noise,Value,1.0454415337512146,1.0434738826703185,1.0473924331540254,0.4508598546147346,0.4473148047437891,0.4547525955509767,0.4312626197248697,1.3121988937420432,0.5659023325152696,stuck_sensor,false,519b468e69dd465daa969d3d9b3ffdf0,4a82efae1ffe76a156a2bf948861e2da349ef1c1c994d9f24654525f47fbf14d
3,ETTh1,ETTh1,6,PatchTST,PatchTST,3,spike,Spike,Value,1.0820398197469172,1.0760242409677618,1.088423570986352,0.4666433273106813,0.4623429797248542,0.4711405472379177,0.4312626197248697,1.3121988937420432,0.5659023325152696,stuck_sensor,false,519b468e69dd465daa969d3d9b3ffdf0,4a82efae1ffe76a156a2bf948861e2da349ef1c1c994d9f24654525f47fbf14d
3,ETTh1,ETTh1,6,PatchTST,PatchTST,4,time_stretch,TimeStretch,Timing,1.1303020770574077,1.1260002565066454,1.1346413002891316,0.4874570348322392,0.4835527211899683,0.4914157117478177,0.4312626197248697,1.3121988937420432,0.5659023325152696,stuck_sensor,false,519b468e69dd465daa969d3d9b3ffdf0,4a82efae1ffe76a156a2bf948861e2da349ef1c1c994d9f24654525f47fbf14d
3,ETTh1,ETTh1,6,PatchTST,PatchTST,5,time_compress,TimeCompress,Timing,1.1721990256806134,1.1655219990649337,1.1789108954566578,0.5055256226539612,0.5009321130512654,0.5100461846500263,0.4312626197248697,1.3121988937420432,0.5659023325152696,stuck_sensor,false,519b468e69dd465daa969d3d9b3ffdf0,4a82efae1ffe76a156a2bf948861e2da349ef1c1c994d9f24654525f47fbf14d
3,ETTh1,ETTh1,6,PatchTST,PatchTST,6,stuck_sensor,StuckSensor,Availability,1.3121988937420432,1.299754370567292,1.3242876519013849,0.5659023325152696,0.5598514757364615,0.5719940165878646,0.4312626197248697,1.3121988937420432,0.5659023325152696,stuck_sensor,true,519b468e69dd465daa969d3d9b3ffdf0,4a82efae1ffe76a156a2bf948861e2da349ef1c1c994d9f24654525f47fbf14d
3,ETTh1,ETTh1,6,PatchTST,PatchTST,7,missing_data,MissingData,Availability,1.2347501689648888,1.2266207683640058,1.2430238432481764,0.5325015925735235,0.5274047770270146,0.5372145066630655,0.4312626197248697,1.3121988937420432,0.5659023325152696,stuck_sensor,false,519b468e69dd465daa969d3d9b3ffdf0,4a82efae1ffe76a156a2bf948861e2da349ef1c1c994d9f24654525f47fbf14d
3,ETTh1,ETTh1,7,Chronos2,Chronos2,0,drift,Drift,Value,1.1464647205730545,1.1422249655487378,1.150952389004203,0.568244197820127,0.5625580081530288,0.5734133853524365,0.4956490920506418,1.4484908927040867,0.7179431958124042,stuck_sensor,false,89d78f74b7f348cb8520efbfeeb8bb0c,4a82efae1ffe76a156a2bf948861e2da349ef1c1c994d9f24654525f47fbf14d
3,ETTh1,ETTh1,7,Chronos2,Chronos2,1,attenuation,Attenuation,Value,1.0758943858364505,1.0719337462192375,1.0797588719499134,0.5332660754822195,0.5284594914467633,0.5383668471370824,0.4956490920506418,1.4484908927040867,0.7179431958124042,stuck_sensor,false,89d78f74b7f348cb8520efbfeeb8bb0c,4a82efae1ffe76a156a2bf948861e2da349ef1c1c994d9f24654525f47fbf14d
3,ETTh1,ETTh1,7,Chronos2,Chronos2,2,noise,Noise,Value,1.03345780051394,1.0311368825705176,1.0357411762527076,0.5122324204973876,0.5069901247627101,0.5171242733611353,0.4956490920506418,1.4484908927040867,0.7179431958124042,stuck_sensor,false,89d78f74b7f348cb8520efbfeeb8bb0c,4a82efae1ffe76a156a2bf948861e2da349ef1c1c994d9f24654525f47fbf14d
3,ETTh1,ETTh1,7,Chronos2,Chronos2,3,spike,Spike,Value,1.018665899557167,1.015591267271735,1.0223196909640346,0.50490082821846,0.4994736103018559,0.5100115339754895,0.4956490920506418,1.4484908927040867,0.7179431958124042,stuck_sensor,false,89d78f74b7f348cb8520efbfeeb8bb0c,4a82efae1ffe76a156a2bf948861e2da349ef1c1c994d9f24654525f47fbf14d
3,ETTh1,ETTh1,7,Chronos2,Chronos2,4,time_stretch,TimeStretch,Timing,1.1809461363047142,1.1739720570034495,1.1877391088627065,0.585334880220145,0.5799245248084888,0.5910169250304438,0.4956490920506418,1.4484908927040867,0.7179431958124042,stuck_sensor,false,89d78f74b7f348cb8520efbfeeb8bb0c,4a82efae1ffe76a156a2bf948861e2da349ef1c1c994d9f24654525f47fbf14d
3,ETTh1,ETTh1,7,Chronos2,Chronos2,5,time_compress,TimeCompress,Timing,1.1748493907183253,1.1669834740670573,1.1824756977467967,0.5823130338057876,0.5759160401717573,0.5881645424847864,0.4956490920506418,1.4484908927040867,0.7179431958124042,stuck_sensor,false,89d78f74b7f348cb8520efbfeeb8bb0c,4a82efae1ffe76a156a2bf948861e2da349ef1c1c994d9f24654525f47fbf14d
3,ETTh1,ETTh1,7,Chronos2,Chronos2,6,stuck_sensor,StuckSensor,Availability,1.4484908927040867,1.4317783499727923,1.466136728004625,0.7179431958124042,0.708818865057733,0.7273962740616873,0.4956490920506418,1.4484908927040867,0.7179431958124042,stuck_sensor,true,89d78f74b7f348cb8520efbfeeb8bb0c,4a82efae1ffe76a156a2bf948861e2da349ef1c1c994d9f24654525f47fbf14d
3,ETTh1,ETTh1,7,Chronos2,Chronos2,7,missing_data,MissingData,Availability,1.278269377271488,1.265052608116493,1.2912791096488172,0.6335730562407523,0.6255434488417488,0.6412312615107931,0.4956490920506418,1.4484908927040867,0.7179431958124042,stuck_sensor,false,89d78f74b7f348cb8520efbfeeb8bb0c,4a82efae1ffe76a156a2bf948861e2da349ef1c1c994d9f24654525f47fbf14d
4,traffic,Traffic,1,SeasonalNaive,SeasonalNaive,0,drift,Drift,Value,1.0562817350932072,1.054343616196456,1.0582221853139375,1.341767324268818,1.3339027656827125,1.3497559959765524,1.2702740942031143,1.210176325550878,1.537255635765195,missing_data,false,bc93326746314a9a8104677ede3f460c,41f9af6ab1b86f6fe5ef4323c149934cbaf2f1c6c4b6bb60ffda29c7857cf618
4,traffic,Traffic,1,SeasonalNaive,SeasonalNaive,1,attenuation,Attenuation,Value,0.959846553782976,0.958450210380164,0.9612232379995644,1.2192682116806508,1.2120604997672886,1.2262076500519363,1.2702740942031143,1.210176325550878,1.537255635765195,missing_data,false,bc93326746314a9a8104677ede3f460c,41f9af6ab1b86f6fe5ef4323c149934cbaf2f1c6c4b6bb60ffda29c7857cf618
4,traffic,Traffic,1,SeasonalNaive,SeasonalNaive,2,noise,Noise,Value,1.0990083559525052,1.0967612125136883,1.1011205615328588,1.3960418438792228,1.3877851478277892,1.404254239237532,1.2702740942031143,1.210176325550878,1.537255635765195,missing_data,false,bc93326746314a9a8104677ede3f460c,41f9af6ab1b86f6fe5ef4323c149934cbaf2f1c6c4b6bb60ffda29c7857cf618
4,traffic,Traffic,1,SeasonalNaive,SeasonalNaive,3,spike,Spike,Value,1.0579127886309896,1.0565620540976677,1.0592894236491477,1.3438392093241214,1.3360775021094085,1.35185897303544,1.2702740942031143,1.210176325550878,1.537255635765195,missing_data,false,bc93326746314a9a8104677ede3f460c,41f9af6ab1b86f6fe5ef4323c149934cbaf2f1c6c4b6bb60ffda29c7857cf618
4,traffic,Traffic,1,SeasonalNaive,SeasonalNaive,4,time_stretch,TimeStretch,Timing,1.077166573755162,1.0741478190843918,1.0804657483550877,1.368296793782711,1.3595119958417117,1.3769998950858415,1.2702740942031143,1.210176325550878,1.537255635765195,missing_data,false,bc93326746314a9a8104677ede3f460c,41f9af6ab1b86f6fe5ef4323c149934cbaf2f1c6c4b6bb60ffda29c7857cf618
4,traffic,Traffic,1,SeasonalNaive,SeasonalNaive,5,time_compress,TimeCompress,Timing,1.0833299122884972,1.0789028866030714,1.0874360678606292,1.3761259230554104,1.366798035044223,1.3851640374936909,1.2702740942031143,1.210176325550878,1.537255635765195,missing_data,false,bc93326746314a9a8104677ede3f460c,41f9af6ab1b86f6fe5ef4323c149934cbaf2f1c6c4b6bb60ffda29c7857cf618
4,traffic,Traffic,1,SeasonalNaive,SeasonalNaive,6,stuck_sensor,StuckSensor,Availability,1.1512152650394054,1.1468142842417213,1.1560784699448603,1.4623589280307292,1.4531720889088513,1.471856462784484,1.2702740942031143,1.210176325550878,1.537255635765195,missing_data,false,bc93326746314a9a8104677ede3f460c,41f9af6ab1b86f6fe5ef4323c149934cbaf2f1c6c4b6bb60ffda29c7857cf618
4,traffic,Traffic,1,SeasonalNaive,SeasonalNaive,7,missing_data,MissingData,Availability,1.210176325550878,1.1984693890393292,1.2209366926403753,1.537255635765195,1.5225265558765828,1.5521482806957514,1.2702740942031143,1.210176325550878,1.537255635765195,missing_data,true,bc93326746314a9a8104677ede3f460c,41f9af6ab1b86f6fe5ef4323c149934cbaf2f1c6c4b6bb60ffda29c7857cf618
4,traffic,Traffic,2,DLinear,DLinear,0,drift,Drift,Value,1.020866316372103,1.0201446249514956,1.021645758329961,0.69874049051404,0.6947639051534235,0.7026366337524355,0.6844583657115698,1.177012938993062,0.8056163526445628,missing_data,false,8a356407910a4d0fbf91309723d1cc26,41f9af6ab1b86f6fe5ef4323c149934cbaf2f1c6c4b6bb60ffda29c7857cf618
4,traffic,Traffic,2,DLinear,DLinear,1,attenuation,Attenuation,Value,1.084642266918398,1.0817472724589412,1.0874907016237318,0.7423924733966589,0.7384455830883235,0.7468642742196471,0.6844583657115698,1.177012938993062,0.8056163526445628,missing_data,false,8a356407910a4d0fbf91309723d1cc26,41f9af6ab1b86f6fe5ef4323c149934cbaf2f1c6c4b6bb60ffda29c7857cf618
4,traffic,Traffic,2,DLinear,DLinear,2,noise,Noise,Value,1.0308474920676365,1.0301221113206809,1.031503095211787,0.7055721897184849,0.7015838027831167,0.7095856398373097,0.6844583657115698,1.177012938993062,0.8056163526445628,missing_data,false,8a356407910a4d0fbf91309723d1cc26,41f9af6ab1b86f6fe5ef4323c149934cbaf2f1c6c4b6bb60ffda29c7857cf618
4,traffic,Traffic,2,DLinear,DLinear,3,spike,Spike,Value,1.0157870824442108,1.0154172051427,1.0161677665531672,0.6952639663606882,0.6912745424997061,0.6993605147520452,0.6844583657115698,1.177012938993062,0.8056163526445628,missing_data,false,8a356407910a4d0fbf91309723d1cc26,41f9af6ab1b86f6fe5ef4323c149934cbaf2f1c6c4b6bb60ffda29c7857cf618
4,traffic,Traffic,2,DLinear,DLinear,4,time_stretch,TimeStretch,Timing,1.0756511926669878,1.0732354390170649,1.078154044470068,0.7362384574085474,0.7321904022914917,0.7403362700550258,0.6844583657115698,1.177012938993062,0.8056163526445628,missing_data,false,8a356407910a4d0fbf91309723d1cc26,41f9af6ab1b86f6fe5ef4323c149934cbaf2f1c6c4b6bb60ffda29c7857cf618
4,traffic,Traffic,2,DLinear,DLinear,5,time_compress,TimeCompress,Timing,1.076179802209586,1.0739434010167297,1.078422888824795,0.7366002686321735,0.7325262547893822,0.7407584183657169,0.6844583657115698,1.177012938993062,0.8056163526445628,missing_data,false,8a356407910a4d0fbf91309723d1cc26,41f9af6ab1b86f6fe5ef4323c149934cbaf2f1c6c4b6bb60ffda29c7857cf618
4,traffic,Traffic,2,DLinear,DLinear,6,stuck_sensor,StuckSensor,Availability,1.169291290405945,1.1647041762134274,1.1738847515639756,0.8003312056720256,0.7955269077834487,0.8054609378833324,0.6844583657115698,1.177012938993062,0.8056163526445628,missing_data,false,8a356407910a4d0fbf91309723d1cc26,41f9af6ab1b86f6fe5ef4323c149934cbaf2f1c6c4b6bb60ffda29c7857cf618
4,traffic,Traffic,2,DLinear,DLinear,7,missing_data,MissingData,Availability,1.177012938993062,1.1704089455682416,1.1834709064702562,0.8056163526445628,0.7998296334411205,0.8108512987925113,0.6844583657115698,1.177012938993062,0.8056163526445628,missing_data,true,8a356407910a4d0fbf91309723d1cc26,41f9af6ab1b86f6fe5ef4323c149934cbaf2f1c6c4b6bb60ffda29c7857cf618
4,traffic,Traffic,3,GRU,GRU,0,drift,Drift,Value,1.0479342271468537,1.0457635495152906,1.050016680742797,0.7609349047899246,0.7577052615628391,0.7641239453409613,0.7261284965008498,1.2838151072418158,0.9322147336065768,missing_data,false,130478b6c656458bac702a6d267e7918,41f9af6ab1b86f6fe5ef4323c149934cbaf2f1c6c4b6bb60ffda29c7857cf618
4,traffic,Traffic,3,GRU,GRU,1,attenuation,Attenuation,Value,0.9958728595209652,0.9946565015859954,0.9970474054036728,0.7231316621899605,0.7200209950899333,0.7263360573395342,0.7261284965008498,1.2838151072418158,0.9322147336065768,missing_data,false,130478b6c656458bac702a6d267e7918,41f9af6ab1b86f6fe5ef4323c149934cbaf2f1c6c4b6bb60ffda29c7857cf618
4,traffic,Traffic,3,GRU,GRU,2,noise,Noise,Value,1.0018497424349142,1.000905438947825,1.002895663739083,0.7274716471940279,0.7244611673137545,0.7304777242836356,0.7261284965008498,1.2838151072418158,0.9322147336065768,missing_data,false,130478b6c656458bac702a6d267e7918,41f9af6ab1b86f6fe5ef4323c149934cbaf2f1c6c4b6bb60ffda29c7857cf618
4,traffic,Traffic,3,GRU,GRU,3,spike,Spike,Value,1.0039942996384288,1.0031785165222389,1.004822803590305,0.7290288712918759,0.7260976108814031,0.7319730399098991,0.7261284965008498,1.2838151072418158,0.9322147336065768,missing_data,false,130478b6c656458bac702a6d267e7918,41f9af6ab1b86f6fe5ef4323c149934cbaf2f1c6c4b6bb60ffda29c7857cf618
4,traffic,Traffic,3,GRU,GRU,4,time_stretch,TimeStretch,Timing,1.0661243164590726,1.0613582493991782,1.070758739147747,0.7741432469934225,0.7700542318774015,0.7779984306526183,0.7261284965008498,1.2838151072418158,0.9322147336065768,missing_data,false,130478b6c656458bac702a6d267e7918,41f9af6ab1b86f6fe5ef4323c149934cbaf2f1c6c4b6bb60ffda29c7857cf618
4,traffic,Traffic,3,GRU,GRU,5,time_compress,TimeCompress,Timing,1.0614678652525604,1.0574085559122453,1.0657875153863592,0.7707620650798083,0.766984419362694,0.7743545204029232,0.7261284965008498,1.2838151072418158,0.9322147336065768,missing_data,false,130478b6c656458bac702a6d267e7918,41f9af6ab1b86f6fe5ef4323c149934cbaf2f1c6c4b6bb60ffda29c7857cf618
4,traffic,Traffic,3,GRU,GRU,6,stuck_sensor,StuckSensor,Availability,1.1052556192012783,1.0992995007165882,1.1117806084683053,0.80255760101974,0.7974564679518342,0.807865392177105,0.7261284965008498,1.2838151072418158,0.9322147336065768,missing_data,false,130478b6c656458bac702a6d267e7918,41f9af6ab1b86f6fe5ef4323c149934cbaf2f1c6c4b6bb60ffda29c7857cf618
4,traffic,Traffic,3,GRU,GRU,7,missing_data,MissingData,Availability,1.2838151072418158,1.2700498752432634,1.2973795676304407,0.9322147336065768,0.9222099424307794,0.9423172212070228,0.7261284965008498,1.2838151072418158,0.9322147336065768,missing_data,true,130478b6c656458bac702a6d267e7918,41f9af6ab1b86f6fe5ef4323c149934cbaf2f1c6c4b6bb60ffda29c7857cf618
4,traffic,Traffic,4,ModernTCN,ModernTCN,0,drift,Drift,Value,1.058546186532695,1.0563987489440974,1.0605587673940904,0.608604663926363,0.6053152192992717,0.6118205617123842,0.5749438916027546,1.2654827591551183,0.7275815823048353,missing_data,false,a0a6f9b2a8754ae0aaf937850b4287bf,41f9af6ab1b86f6fe5ef4323c149934cbaf2f1c6c4b6bb60ffda29c7857cf618
4,traffic,Traffic,4,ModernTCN,ModernTCN,1,attenuation,Attenuation,Value,1.0812700214843596,1.0791437984111656,1.083423135163735,0.6216695940256118,0.6184374346674234,0.6249034216855467,0.5749438916027546,1.2654827591551183,0.7275815823048353,missing_data,false,a0a6f9b2a8754ae0aaf937850b4287bf,41f9af6ab1b86f6fe5ef4323c149934cbaf2f1c6c4b6bb60ffda29c7857cf618
4,traffic,Traffic,4,ModernTCN,ModernTCN,2,noise,Noise,Value,1.026893257490616,1.0258464711975968,1.0279817822866937,0.5904060057222843,0.587455847306773,0.5933564353585242,0.5749438916027546,1.2654827591551183,0.7275815823048353,missing_data,false,a0a6f9b2a8754ae0aaf937850b4287bf,41f9af6ab1b86f6fe5ef4323c149934cbaf2f1c6c4b6bb60ffda29c7857cf618
4,traffic,Traffic,4,ModernTCN,ModernTCN,3,spike,Spike,Value,1.016054276194334,1.0152973510880612,1.016788954843519,0.5841741996347904,0.5812175349763036,0.5870028944474458,0.5749438916027546,1.2654827591551183,0.7275815823048353,missing_data,false,a0a6f9b2a8754ae0aaf937850b4287bf,41f9af6ab1b86f6fe5ef4323c149934cbaf2f1c6c4b6bb60ffda29c7857cf618
4,traffic,Traffic,4,ModernTCN,ModernTCN,4,time_stretch,TimeStretch,Timing,1.1139764285584113,1.111266779930384,1.1167304248718928,0.640473942989111,0.6369511864604801,0.6438902771152556,0.5749438916027546,1.2654827591551183,0.7275815823048353,missing_data,false,a0a6f9b2a8754ae0aaf937850b4287bf,41f9af6ab1b86f6fe5ef4323c149934cbaf2f1c6c4b6bb60ffda29c7857cf618
4,traffic,Traffic,4,ModernTCN,ModernTCN,5,time_compress,TimeCompress,Timing,1.112416245544693,1.1099615979292796,1.1148375324457591,0.6395769252955914,0.6363872735514492,0.6426110284455121,0.5749438916027546,1.2654827591551183,0.7275815823048353,missing_data,false,a0a6f9b2a8754ae0aaf937850b4287bf,41f9af6ab1b86f6fe5ef4323c149934cbaf2f1c6c4b6bb60ffda29c7857cf618
4,traffic,Traffic,4,ModernTCN,ModernTCN,6,stuck_sensor,StuckSensor,Availability,1.2163045531160988,1.211160521954732,1.2215531883683752,0.6993068731427192,0.6950645068626852,0.703761104342565,0.5749438916027546,1.2654827591551183,0.7275815823048353,missing_data,false,a0a6f9b2a8754ae0aaf937850b4287bf,41f9af6ab1b86f6fe5ef4323c149934cbaf2f1c6c4b6bb60ffda29c7857cf618
4,traffic,Traffic,4,ModernTCN,ModernTCN,7,missing_data,MissingData,Availability,1.2654827591551183,1.2594514541840258,1.2711196059406806,0.7275815823048353,0.723105432023555,0.7319374398290366,0.5749438916027546,1.2654827591551183,0.7275815823048353,missing_data,true,a0a6f9b2a8754ae0aaf937850b4287bf,41f9af6ab1b86f6fe5ef4323c149934cbaf2f1c6c4b6bb60ffda29c7857cf618
4,traffic,Traffic,5,TSMixer,TSMixer,0,drift,Drift,Value,1.0469112122272333,1.0456011821051112,1.0481694159770116,0.6604111938595771,0.6570434067017584,0.6636348391605169,0.6308187228739262,1.2898319247098935,0.8136501274675131,missing_data,false,892bc9a58a1a4da6b051823d2ca08e2a,41f9af6ab1b86f6fe5ef4323c149934cbaf2f1c6c4b6bb60ffda29c7857cf618
4,traffic,Traffic,5,TSMixer,TSMixer,1,attenuation,Attenuation,Value,1.0710045773453736,1.0679773371681347,1.0739759405350806,0.6756097396731376,0.6723160903564841,0.6790508356672526,0.6308187228739262,1.2898319247098935,0.8136501274675131,missing_data,false,892bc9a58a1a4da6b051823d2ca08e2a,41f9af6ab1b86f6fe5ef4323c149934cbaf2f1c6c4b6bb60ffda29c7857cf618
4,traffic,Traffic,5,TSMixer,TSMixer,2,noise,Noise,Value,1.0368152511254012,1.0358579623553954,1.0378399935462228,0.6540424725711346,0.6508540657264739,0.6572002300672979,0.6308187228739262,1.2898319247098935,0.8136501274675131,missing_data,false,892bc9a58a1a4da6b051823d2ca08e2a,41f9af6ab1b86f6fe5ef4323c149934cbaf2f1c6c4b6bb60ffda29c7857cf618
4,traffic,Traffic,5,TSMixer,TSMixer,3,spike,Spike,Value,1.0231116015921746,1.022415041469771,1.0237959112556436,0.6453979538738728,0.6421088923593611,0.6485685989721119,0.6308187228739262,1.2898319247098935,0.8136501274675131,missing_data,false,892bc9a58a1a4da6b051823d2ca08e2a,41f9af6ab1b86f6fe5ef4323c149934cbaf2f1c6c4b6bb60ffda29c7857cf618
4,traffic,Traffic,5,TSMixer,TSMixer,4,time_stretch,TimeStretch,Timing,1.0959448288486962,1.0934124049642475,1.0985868186428809,0.6913425172746182,0.6878697032407671,0.6947087169174105,0.6308187228739262,1.2898319247098935,0.8136501274675131,missing_data,false,892bc9a58a1a4da6b051823d2ca08e2a,41f9af6ab1b86f6fe5ef4323c149934cbaf2f1c6c4b6bb60ffda29c7857cf618
4,traffic,Traffic,5,TSMixer,TSMixer,5,time_compress,TimeCompress,Timing,1.1185266889021428,1.1151761998102991,1.1217361772289949,0.705587577393651,0.7019014470103383,0.7092278803706914,0.6308187228739262,1.2898319247098935,0.8136501274675131,missing_data,false,892bc9a58a1a4da6b051823d2ca08e2a,41f9af6ab1b86f6fe5ef4323c149934cbaf2f1c6c4b6bb60ffda29c7857cf618
4,traffic,Traffic,5,TSMixer,TSMixer,6,stuck_sensor,StuckSensor,Availability,1.2242697828601443,1.2179058698858134,1.230776348823556,0.7722923008769751,0.7670989098405838,0.7772659255520254,0.6308187228739262,1.2898319247098935,0.8136501274675131,missing_data,false,892bc9a58a1a4da6b051823d2ca08e2a,41f9af6ab1b86f6fe5ef4323c149934cbaf2f1c6c4b6bb60ffda29c7857cf618
4,traffic,Traffic,5,TSMixer,TSMixer,7,missing_data,MissingData,Availability,1.2898319247098935,1.2806574094823775,1.298630134008515,0.8136501274675131,0.8072903058488666,0.8200176699267328,0.6308187228739262,1.2898319247098935,0.8136501274675131,missing_data,true,892bc9a58a1a4da6b051823d2ca08e2a,41f9af6ab1b86f6fe5ef4323c149934cbaf2f1c6c4b6bb60ffda29c7857cf618
4,traffic,Traffic,6,PatchTST,PatchTST,0,drift,Drift,Value,1.1554076538699798,1.1518088865405365,1.159194086426402,0.5231491340354085,0.5199481120680273,0.5262711228596418,0.4527831646978855,1.6762216244063644,0.758964931833744,missing_data,false,966a68733399471296c536464bc22275,41f9af6ab1b86f6fe5ef4323c149934cbaf2f1c6c4b6bb60ffda29c7857cf618
4,traffic,Traffic,6,PatchTST,PatchTST,1,attenuation,Attenuation,Value,1.1857897392811714,1.181051026530885,1.1906007277487878,0.5369056308180093,0.5335581669928133,0.5404920296286047,0.4527831646978855,1.6762216244063644,0.758964931833744,missing_data,false,966a68733399471296c536464bc22275,41f9af6ab1b86f6fe5ef4323c149934cbaf2f1c6c4b6bb60ffda29c7857cf618
4,traffic,Traffic,6,PatchTST,PatchTST,2,noise,Noise,Value,1.194236376782544,1.1898480276727137,1.198376696679831,0.5407301260769367,0.5373294115745276,0.5444610986249522,0.4527831646978855,1.6762216244063644,0.758964931833744,missing_data,false,966a68733399471296c536464bc22275,41f9af6ab1b86f6fe5ef4323c149934cbaf2f1c6c4b6bb60ffda29c7857cf618
4,traffic,Traffic,6,PatchTST,PatchTST,3,spike,Spike,Value,1.0097530032762658,1.0094857483975412,1.0100114841704793,0.4571991603866219,0.4542598166855052,0.460147526791431,0.4527831646978855,1.6762216244063644,0.758964931833744,missing_data,false,966a68733399471296c536464bc22275,41f9af6ab1b86f6fe5ef4323c149934cbaf2f1c6c4b6bb60ffda29c7857cf618
4,traffic,Traffic,6,PatchTST,PatchTST,4,time_stretch,TimeStretch,Timing,1.2596874320728657,1.2548010407511123,1.265060056634553,0.5703652620241046,0.5667647494553402,0.5739918828396872,0.4527831646978855,1.6762216244063644,0.758964931833744,missing_data,false,966a68733399471296c536464bc22275,41f9af6ab1b86f6fe5ef4323c149934cbaf2f1c6c4b6bb60ffda29c7857cf618
4,traffic,Traffic,6,PatchTST,PatchTST,5,time_compress,TimeCompress,Timing,1.2727360200212574,1.2652577569807852,1.2802939458046452,0.5762734429702163,0.5721060377080738,0.580409146729596,0.4527831646978855,1.6762216244063644,0.758964931833744,missing_data,false,966a68733399471296c536464bc22275,41f9af6ab1b86f6fe5ef4323c149934cbaf2f1c6c4b6bb60ffda29c7857cf618
4,traffic,Traffic,6,PatchTST,PatchTST,6,stuck_sensor,StuckSensor,Availability,1.6152910179719042,1.601160188090155,1.6301451171910126,0.7313765790253878,0.724097272595577,0.7387364502701909,0.4527831646978855,1.6762216244063644,0.758964931833744,missing_data,false,966a68733399471296c536464bc22275,41f9af6ab1b86f6fe5ef4323c149934cbaf2f1c6c4b6bb60ffda29c7857cf618
4,traffic,Traffic,6,PatchTST,PatchTST,7,missing_data,MissingData,Availability,1.6762216244063644,1.6585931553675963,1.6939764371316326,0.758964931833744,0.7510698468337953,0.7669696736733616,0.4527831646978855,1.6762216244063644,0.758964931833744,missing_data,true,966a68733399471296c536464bc22275,41f9af6ab1b86f6fe5ef4323c149934cbaf2f1c6c4b6bb60ffda29c7857cf618
4,traffic,Traffic,7,Chronos2,Chronos2,0,drift,Drift,Value,1.1171510272506378,1.1141576609886892,1.1204455056377036,0.6720366191029549,0.6663437719001248,0.6772486989632249,0.6015629066348076,1.9111663966479224,1.1496868126302957,stuck_sensor,false,9b012ee144c049c0acebe0ff09798ea8,41f9af6ab1b86f6fe5ef4323c149934cbaf2f1c6c4b6bb60ffda29c7857cf618
4,traffic,Traffic,7,Chronos2,Chronos2,1,attenuation,Attenuation,Value,1.089023148986645,1.0853901768126464,1.093104631794828,0.6551159308969975,0.6504497668934613,0.6599842435650155,0.6015629066348076,1.9111663966479224,1.1496868126302957,stuck_sensor,false,9b012ee144c049c0acebe0ff09798ea8,41f9af6ab1b86f6fe5ef4323c149934cbaf2f1c6c4b6bb60ffda29c7857cf618
4,traffic,Traffic,7,Chronos2,Chronos2,2,noise,Noise,Value,1.072549857451735,1.0702710027298887,1.0747788472260282,0.6452062097594142,0.6401806834660098,0.6503112983407081,0.6015629066348076,1.9111663966479224,1.1496868126302957,stuck_sensor,false,9b012ee144c049c0acebe0ff09798ea8,41f9af6ab1b86f6fe5ef4323c149934cbaf2f1c6c4b6bb60ffda29c7857cf618
4,traffic,Traffic,7,Chronos2,Chronos2,3,spike,Spike,Value,1.0164383556097698,1.015068539638496,1.0175896909004587,0.6114516116157174,0.6063274053574353,0.6163800221472605,0.6015629066348076,1.9111663966479224,1.1496868126302957,stuck_sensor,false,9b012ee144c049c0acebe0ff09798ea8,41f9af6ab1b86f6fe5ef4323c149934cbaf2f1c6c4b6bb60ffda29c7857cf618
4,traffic,Traffic,7,Chronos2,Chronos2,4,time_stretch,TimeStretch,Timing,1.311071404074004,1.30440582373859,1.3186663919828925,0.7886919246405363,0.7828162163236737,0.7945816860294341,0.6015629066348076,1.9111663966479224,1.1496868126302957,stuck_sensor,false,9b012ee144c049c0acebe0ff09798ea8,41f9af6ab1b86f6fe5ef4323c149934cbaf2f1c6c4b6bb60ffda29c7857cf618
4,traffic,Traffic,7,Chronos2,Chronos2,5,time_compress,TimeCompress,Timing,1.3168470947296091,1.3082935194547332,1.325164497817172,0.7921663658991456,0.7856633345846459,0.7982305214761569,0.6015629066348076,1.9111663966479224,1.1496868126302957,stuck_sensor,false,9b012ee144c049c0acebe0ff09798ea8,41f9af6ab1b86f6fe5ef4323c149934cbaf2f1c6c4b6bb60ffda29c7857cf618
4,traffic,Traffic,7,Chronos2,Chronos2,6,stuck_sensor,StuckSensor,Availability,1.9111663966479224,1.8733296854387556,1.9568396854173735,1.1496868126302957,1.1259021780765428,1.1752093113616109,0.6015629066348076,1.9111663966479224,1.1496868126302957,stuck_sensor,true,9b012ee144c049c0acebe0ff09798ea8,41f9af6ab1b86f6fe5ef4323c149934cbaf2f1c6c4b6bb60ffda29c7857cf618
4,traffic,Traffic,7,Chronos2,Chronos2,7,missing_data,MissingData,Availability,1.5093456571868358,1.4930047934884378,1.5243634940769484,0.9079663606539368,0.8986325647937506,0.917491928277947,0.6015629066348076,1.9111663966479224,1.1496868126302957,stuck_sensor,false,9b012ee144c049c0acebe0ff09798ea8,41f9af6ab1b86f6fe5ef4323c149934cbaf2f1c6c4b6bb60ffda29c7857cf618
