,dataset,robustness_method,pipeline_id,model_architecture,metric_name,delta_value
0,Penmanshiel_Hourly_WT08,randomized_smoothing,rs_backbonebaseline_std0.25_samples30_alpha0.25,ModernTCN,delta_err_clean,0.001086334727297078
1,Penmanshiel_Hourly_WT08,randomized_smoothing,rs_backbonebaseline_std0.25_samples30_alpha0.35,GRU,delta_err_clean,5.302184148459066e-05
2,Penmanshiel_Hourly_WT08,randomized_smoothing,rs_backbonebaseline_std0.25_samples30_alpha0.25,PatchTST,delta_err_clean,0.0031908160599879998
3,Penmanshiel_Hourly_WT08,randomized_smoothing,rs_backbonebaseline_std0.25_samples30_alpha0.25,TSMixer,delta_err_clean,0.006903863668290433
4,Penmanshiel_Hourly_WT08,randomized_smoothing,rs_backbonebaseline_std0.25_samples30_alpha0.45,DLinear,delta_err_clean,0.0022978660401189455
5,Penmanshiel_Hourly_WT08,ensemble,ensemble_top7_mean,ModernTCN,delta_err_clean,-0.00453841999879806
6,Penmanshiel_Hourly_WT08,ensemble,ensemble_top10_mean,GRU,delta_err_clean,-0.008127769484993774
7,Penmanshiel_Hourly_WT08,ensemble,ensemble_top7_mean,PatchTST,delta_err_clean,-0.013445015391180593
8,Penmanshiel_Hourly_WT08,ensemble,ensemble_top10_mean,TSMixer,delta_err_clean,-0.006536059901991409
9,Penmanshiel_Hourly_WT08,ensemble,ensemble_top10_mean,DLinear,delta_err_clean,-0.000847769216983596
10,Penmanshiel_Hourly_WT08,fault_augmentation,fa_profholdout_simple_mix0.75_sev1.0_frac0.1,ModernTCN,delta_err_clean,0.002100539219783981
11,Penmanshiel_Hourly_WT08,fault_augmentation,fa_profholdout_varying_mix0.75_sev0.75_frac0.1,GRU,delta_err_clean,-0.0005040478804439474
12,Penmanshiel_Hourly_WT08,fault_augmentation,fa_profholdout_simple_mix1.0_sev1.0_frac0.1,PatchTST,delta_err_clean,-0.008741573739271535
13,Penmanshiel_Hourly_WT08,fault_augmentation,fa_profholdout_simple_mix0.75_sev0.75_frac0.1,TSMixer,delta_err_clean,0.0026594576099654432
14,Penmanshiel_Hourly_WT08,fault_augmentation,fa_profholdout_simple_mix0.75_sev1.0_frac0.1,DLinear,delta_err_clean,-0.0004125029878691011
15,Penmanshiel_Hourly_WT08,adversarial_training,advtrain_eps0.05_steps3_alpha0.02_channelsall,GRU,delta_err_clean,-0.005245833909255426
16,Penmanshiel_Hourly_WT08,adaptive_robust_loss,arl_alo0.001_ainit1.0_slo1e-05_sinit0.1,PatchTST,delta_err_clean,0.02967493645248037
17,Penmanshiel_Hourly_WT08,adaptive_robust_loss,arl_alo0.5_ainit1.0_slo0.01_sinit1.0,ModernTCN,delta_err_clean,0.08453498159295414
18,Penmanshiel_Hourly_WT08,adaptive_robust_loss,arl_alo0.001_ainit1.9_slo0.001_sinit1.0,GRU,delta_err_clean,0.06163741058240413
19,Penmanshiel_Hourly_WT08,adaptive_robust_loss,arl_alo0.001_ainit1.0_slo0.001_sinit0.1,TSMixer,delta_err_clean,0.008097085133820625
20,Penmanshiel_Hourly_WT08,adaptive_robust_loss,arl_alo0.001_ainit1.0_slo0.001_sinit0.1,DLinear,delta_err_clean,0.017511915263034417
21,Penmanshiel_Hourly_WT08,adversarial_training,advtrain_eps0.05_steps7_alpha0.02_channelsall,PatchTST,delta_err_clean,-0.006792212600324976
22,Penmanshiel_Hourly_WT08,randomized_training,rt_spaceraw_std0.1_channelscontinuous,PatchTST,delta_err_clean,-0.005532569425574896
23,Penmanshiel_Hourly_WT08,adversarial_training,advtrain_eps0.2_steps3_alpha0.02_channelsall,ModernTCN,delta_err_clean,0.003446264170040403
24,Penmanshiel_Hourly_WT08,adversarial_training,advtrain_eps0.1_steps3_alpha0.02_channelsall,TSMixer,delta_err_clean,-0.01694161552936424
25,Penmanshiel_Hourly_WT08,adversarial_training,advtrain_eps0.05_steps7_alpha0.02_channelsall,DLinear,delta_err_clean,-0.0019087409218657148
26,Penmanshiel_Hourly_WT08,randomized_training,rt_spaceraw_std0.2_channelscontinuous,GRU,delta_err_clean,-0.008668331566674181
27,Penmanshiel_Hourly_WT08,randomized_training,rt_spaceraw_std0.1_channelscontinuous,TSMixer,delta_err_clean,-0.0006241372870630646
28,Penmanshiel_Hourly_WT08,randomized_training,rt_spaceraw_std0.1_channelscontinuous,DLinear,delta_err_clean,0.0007060926429112158
29,Penmanshiel_Hourly_WT08,revin,revin_affineFalse_eps1e-5,ModernTCN,delta_err_clean,-0.004532002678757974
30,Penmanshiel_Hourly_WT08,randomized_training,rt_spaceraw_std0.1_channelscontinuous,ModernTCN,delta_err_clean,-0.0009645306391175557
31,Penmanshiel_Hourly_WT08,revin,revin_affineTrue_eps1e-5,GRU,delta_err_clean,0.000945279945720523
32,Penmanshiel_Hourly_WT08,revin,revin_affineTrue_eps1e-5,TSMixer,delta_err_clean,-0.005828534671349916
33,Penmanshiel_Hourly_WT08,revin,revin_affineFalse_eps1e-5,DLinear,delta_err_clean,0.0060091677716896386
34,traffic,randomized_smoothing,rs_backbonebaseline_std0.25_samples30_alpha0.25,ModernTCN,delta_err_clean,0.003922668683528863
35,traffic,randomized_smoothing,rs_backbonebaseline_std0.5_samples30_alpha0.25,GRU,delta_err_clean,-0.011134717240929626
36,traffic,randomized_smoothing,rs_backbonebaseline_std0.25_samples30_alpha0.25,PatchTST,delta_err_clean,0.059302049526572254
37,traffic,randomized_smoothing,rs_backbonebaseline_std0.25_samples30_alpha0.25,TSMixer,delta_err_clean,0.0025561180889606128
38,traffic,randomized_smoothing,rs_backbonebaseline_std0.25_samples30_alpha0.25,DLinear,delta_err_clean,0.00041025608181954887
39,traffic,ensemble,ensemble_top10_mean,ModernTCN,delta_err_clean,-0.003245624828338678
40,traffic,ensemble,ensemble_top3_mean,GRU,delta_err_clean,-0.022146742084622417
41,traffic,ensemble,ensemble_top3_mean,PatchTST,delta_err_clean,-0.007809181417524791
42,traffic,ensemble,ensemble_top10_mean,TSMixer,delta_err_clean,-0.049632974129915186
43,traffic,ensemble,ensemble_top5_mean,DLinear,delta_err_clean,-0.0016473246872424907
44,traffic,fault_augmentation,fa_profholdout_simple_mix0.75_sev0.75_frac0.25,GRU,delta_err_clean,-0.03209945266842851
45,traffic,fault_augmentation,fa_profholdout_varying_mix1.0_sev1.0_frac0.1,PatchTST,delta_err_clean,0.000685964864492461
46,traffic,fault_augmentation,fa_profholdout_varying_mix0.75_sev0.75_frac0.1,ModernTCN,delta_err_clean,0.019397081658244164
47,traffic,fault_augmentation,fa_profholdout_simple_mix1.0_sev0.75_frac0.1,TSMixer,delta_err_clean,-0.0518803264051676
48,traffic,fault_augmentation,fa_profholdout_varying_mix0.75_sev0.75_frac0.1,DLinear,delta_err_clean,0.00027524074316020997
49,traffic,randomized_training,rt_spaceraw_std0.3_channelscontinuous,GRU,delta_err_clean,-0.025510109034180717
50,traffic,adaptive_robust_loss,arl_alo0.001_ainit1.0_slo0.01_sinit1.0,PatchTST,delta_err_clean,0.08915550584644083
51,traffic,adaptive_robust_loss,arl_alo0.001_ainit1.0_slo1e-05_sinit0.1,ModernTCN,delta_err_clean,0.09344776589274406
52,traffic,adversarial_training,advtrain_eps0.05_steps5_alpha0.02_channelsall,PatchTST,delta_err_clean,-0.015702169558405865
53,traffic,adversarial_training,advtrain_eps0.1_steps5_alpha0.02_channelsall,ModernTCN,delta_err_clean,0.006373629975318873
54,traffic,adaptive_robust_loss,arl_alo0.001_ainit1.5_slo0.001_sinit0.1,GRU,delta_err_clean,0.04871514662206167
55,traffic,randomized_training,rt_spaceraw_std0.1_channelscontinuous,PatchTST,delta_err_clean,-0.0026826118633150875
56,traffic,adaptive_robust_loss,arl_alo0.001_ainit1.0_slo1e-05_sinit1.0,TSMixer,delta_err_clean,0.04009396711587909
57,traffic,adaptive_robust_loss,arl_alo0.001_ainit1.9_slo0.01_sinit0.1,DLinear,delta_err_clean,0.1032013822674751
58,traffic,adversarial_training,advtrain_eps0.2_steps7_alpha0.02_channelsall,GRU,delta_err_clean,-0.0300110821187497
59,traffic,adversarial_training,advtrain_eps0.05_steps7_alpha0.02_channelsall,TSMixer,delta_err_clean,-0.061209963914751975
60,traffic,adversarial_training,advtrain_eps0.05_steps3_alpha0.02_channelsall,DLinear,delta_err_clean,-0.0006023571759462554
61,traffic,randomized_training,rt_spaceraw_std0.1_channelscontinuous,TSMixer,delta_err_clean,-0.05418359325528144
62,traffic,randomized_training,rt_spaceraw_std0.1_channelscontinuous,DLinear,delta_err_clean,0.0005481495440006201
63,traffic,revin,revin_affineTrue_eps1e-5,ModernTCN,delta_err_clean,-0.05755800532400612
64,traffic,randomized_training,rt_spaceraw_std0.1_channelscontinuous,ModernTCN,delta_err_clean,0.04926636690795416
65,traffic,revin,revin_affineFalse_eps1e-5,GRU,delta_err_clean,-0.08797405438721184
66,traffic,revin,revin_affineFalse_eps1e-5,TSMixer,delta_err_clean,-0.10077510966956615
67,traffic,revin,revin_affineTrue_eps1e-5,DLinear,delta_err_clean,-0.007531134986877519
68,BeijingAir_Tiantan,randomized_smoothing,rs_backbonebaseline_std0.25_samples30_alpha0.25,ModernTCN,delta_err_clean,0.0073345866876537436
69,BeijingAir_Tiantan,randomized_smoothing,rs_backbonebaseline_std0.25_samples30_alpha0.25,GRU,delta_err_clean,0.0017876474108124984
70,BeijingAir_Tiantan,randomized_smoothing,rs_backbonebaseline_std0.25_samples30_alpha0.25,PatchTST,delta_err_clean,0.0002582500688629863
71,BeijingAir_Tiantan,randomized_smoothing,rs_backbonebaseline_std0.25_samples30_alpha0.25,TSMixer,delta_err_clean,-0.005141869697775137
72,BeijingAir_Tiantan,randomized_smoothing,rs_backbonebaseline_std0.25_samples30_alpha0.25,DLinear,delta_err_clean,0.0035823965232528177
73,BeijingAir_Tiantan,ensemble,ensemble_top5_mean,ModernTCN,delta_err_clean,-0.00464302722169091
74,BeijingAir_Tiantan,ensemble,ensemble_top3_mean,GRU,delta_err_clean,0.00863251960142808
75,BeijingAir_Tiantan,ensemble,ensemble_top3_mean,PatchTST,delta_err_clean,-0.006967908624977259
76,BeijingAir_Tiantan,ensemble,ensemble_top10_mean,TSMixer,delta_err_clean,-0.0407661635182594
77,BeijingAir_Tiantan,ensemble,ensemble_top10_mean,DLinear,delta_err_clean,-0.0019418236905272557
78,BeijingAir_Tiantan,fault_augmentation,fa_profholdout_varying_mix0.75_sev0.75_frac0.1,ModernTCN,delta_err_clean,0.005363705616519998
79,BeijingAir_Tiantan,fault_augmentation,fa_profholdout_varying_mix0.75_sev0.75_frac0.1,GRU,delta_err_clean,0.017771155902487235
80,BeijingAir_Tiantan,fault_augmentation,fa_profholdout_simple_mix0.75_sev0.75_frac0.25,PatchTST,delta_err_clean,-0.0044367444705581405
81,BeijingAir_Tiantan,fault_augmentation,fa_profholdout_varying_mix0.75_sev1.0_frac0.1,TSMixer,delta_err_clean,0.00014137966105187694
82,BeijingAir_Tiantan,fault_augmentation,fa_profholdout_simple_mix1.0_sev1.0_frac0.25,DLinear,delta_err_clean,0.004951417030754912
83,BeijingAir_Tiantan,adaptive_robust_loss,arl_alo0.001_ainit1.0_slo0.01_sinit0.1,PatchTST,delta_err_clean,-0.009153902286179072
84,BeijingAir_Tiantan,adaptive_robust_loss,arl_alo0.001_ainit1.0_slo0.01_sinit0.1,ModernTCN,delta_err_clean,-0.005623450970702104
85,BeijingAir_Tiantan,adaptive_robust_loss,arl_alo0.001_ainit1.0_slo1e-05_sinit0.1,GRU,delta_err_clean,0.06145163318409902
86,BeijingAir_Tiantan,adaptive_robust_loss,arl_alo0.001_ainit1.0_slo0.001_sinit0.1,TSMixer,delta_err_clean,-0.03938338294805144
87,BeijingAir_Tiantan,adaptive_robust_loss,arl_alo0.001_ainit1.9_slo0.001_sinit0.1,DLinear,delta_err_clean,-0.0005916152676975206
88,BeijingAir_Tiantan,adversarial_training,advtrain_eps0.1_steps3_alpha0.02_channelsall,PatchTST,delta_err_clean,0.003690593163506173
89,BeijingAir_Tiantan,randomized_training,rt_spaceraw_std0.1_channelscontinuous,PatchTST,delta_err_clean,0.0015899810030692851
90,BeijingAir_Tiantan,adversarial_training,advtrain_eps0.05_steps7_alpha0.02_channelsall,GRU,delta_err_clean,0.012325614771648508
91,BeijingAir_Tiantan,adversarial_training,advtrain_eps0.05_steps3_alpha0.02_channelsall,ModernTCN,delta_err_clean,0.018806157819990732
92,BeijingAir_Tiantan,adversarial_training,advtrain_eps0.1_steps3_alpha0.02_channelsall,TSMixer,delta_err_clean,-0.013010384856848412
93,BeijingAir_Tiantan,adversarial_training,advtrain_eps0.05_steps3_alpha0.02_channelsall,DLinear,delta_err_clean,-0.000583122584121909
94,BeijingAir_Tiantan,randomized_training,rt_spaceraw_std0.1_channelscontinuous,ModernTCN,delta_err_clean,0.004363720858457931
95,BeijingAir_Tiantan,randomized_training,rt_spaceraw_std0.1_channelscontinuous,GRU,delta_err_clean,0.015236464392719806
96,BeijingAir_Tiantan,randomized_training,rt_spaceraw_std0.1_channelscontinuous,TSMixer,delta_err_clean,0.10493252322485203
97,BeijingAir_Tiantan,randomized_training,rt_spaceraw_std0.1_channelscontinuous,DLinear,delta_err_clean,0.002507883992241111
98,BeijingAir_Tiantan,revin,revin_affineFalse_eps1e-5,ModernTCN,delta_err_clean,0.019441571539951796
99,BeijingAir_Tiantan,revin,revin_affineFalse_eps1e-5,GRU,delta_err_clean,0.02087389175646237
100,BeijingAir_Tiantan,revin,revin_affineFalse_eps1e-5,TSMixer,delta_err_clean,-0.025319164430722574
101,BeijingAir_Tiantan,revin,revin_affineFalse_eps1e-5,DLinear,delta_err_clean,0.005304487468735852
102,ETTh1,randomized_smoothing,rs_backbonebaseline_std0.25_samples30_alpha0.25,ModernTCN,delta_err_clean,0.00027421393990517684
103,ETTh1,randomized_smoothing,rs_backbonebaseline_std0.25_samples30_alpha0.25,GRU,delta_err_clean,0.0005797123044729569
104,ETTh1,randomized_smoothing,rs_backbonebaseline_std0.25_samples30_alpha0.25,PatchTST,delta_err_clean,-0.001006918497383602
105,ETTh1,randomized_smoothing,rs_backbonebaseline_std0.5_samples30_alpha0.25,TSMixer,delta_err_clean,-0.004243239676952393
106,ETTh1,randomized_smoothing,rs_backbonebaseline_std0.25_samples30_alpha0.25,DLinear,delta_err_clean,0.0004106648519635048
107,ETTh1,ensemble,ensemble_top3_mean,ModernTCN,delta_err_clean,-0.0042464267179369575
108,ETTh1,ensemble,ensemble_top5_mean,GRU,delta_err_clean,-0.009654459944367422
109,ETTh1,ensemble,ensemble_top10_mean,PatchTST,delta_err_clean,-0.004448848718404785
110,ETTh1,ensemble,ensemble_top5_mean,TSMixer,delta_err_clean,-0.005964989000558862
111,ETTh1,ensemble,ensemble_top5_mean,DLinear,delta_err_clean,0.0016437614426016434
112,ETTh1,fault_augmentation,fa_profholdout_varying_mix0.75_sev0.75_frac0.1,ModernTCN,delta_err_clean,0.002315133160352756
113,ETTh1,fault_augmentation,fa_profholdout_simple_mix1.0_sev0.75_frac0.1,GRU,delta_err_clean,0.01563003509044647
114,ETTh1,fault_augmentation,fa_profholdout_simple_mix0.75_sev0.75_frac0.25,PatchTST,delta_err_clean,-0.00308616634458303
115,ETTh1,fault_augmentation,fa_profholdout_varying_mix0.75_sev0.75_frac0.1,TSMixer,delta_err_clean,0.0011070052534341568
116,ETTh1,fault_augmentation,fa_profholdout_simple_mix0.75_sev1.0_frac0.25,DLinear,delta_err_clean,-0.0005650954097509708
117,ETTh1,adaptive_robust_loss,arl_alo0.001_ainit1.0_slo1e-05_sinit0.1,PatchTST,delta_err_clean,0.00947070641070602
118,ETTh1,adaptive_robust_loss,arl_alo0.25_ainit1.0_slo1e-05_sinit1.0,ModernTCN,delta_err_clean,0.05043749796599151
119,ETTh1,adaptive_robust_loss,arl_alo0.5_ainit1.0_slo0.01_sinit1.0,GRU,delta_err_clean,0.09304270173907281
120,ETTh1,adaptive_robust_loss,arl_alo0.001_ainit1.0_slo0.001_sinit0.1,TSMixer,delta_err_clean,-0.001408759517967706
121,ETTh1,adaptive_robust_loss,arl_alo0.001_ainit1.0_slo1e-05_sinit0.1,DLinear,delta_err_clean,0.012416890357434707
122,ETTh1,adversarial_training,advtrain_eps0.05_steps7_alpha0.02_channelsall,ModernTCN,delta_err_clean,0.0026538590922952077
123,ETTh1,randomized_training,rt_spaceraw_std0.1_channelscontinuous,ModernTCN,delta_err_clean,0.0021266595140099764
124,ETTh1,adversarial_training,advtrain_eps0.05_steps7_alpha0.02_channelsall,GRU,delta_err_clean,-0.031391495925188084
125,ETTh1,randomized_training,rt_spaceraw_std0.2_channelscontinuous,GRU,delta_err_clean,0.0312960954159498
126,ETTh1,adversarial_training,advtrain_eps0.1_steps5_alpha0.02_channelsall,PatchTST,delta_err_clean,0.005047308303415765
127,ETTh1,randomized_training,rt_spaceraw_std0.1_channelscontinuous,PatchTST,delta_err_clean,0.010993025074899188
128,ETTh1,adversarial_training,advtrain_eps0.05_steps7_alpha0.02_channelsall,TSMixer,delta_err_clean,-0.00669186906963587
129,ETTh1,randomized_training,rt_spaceraw_std0.1_channelscontinuous,TSMixer,delta_err_clean,-0.0010805415779352456
130,ETTh1,adversarial_training,advtrain_eps0.2_steps7_alpha0.02_channelsall,DLinear,delta_err_clean,0.0032362136781215467
131,ETTh1,randomized_training,rt_spaceraw_std0.2_channelscontinuous,DLinear,delta_err_clean,0.0032307899415492947
132,ETTh1,revin,revin_affineTrue_eps1e-5,ModernTCN,delta_err_clean,-0.01760489232391116
133,ETTh1,revin,revin_affineTrue_eps1e-5,GRU,delta_err_clean,-0.1407426479548216
134,ETTh1,revin,revin_affineFalse_eps1e-5,TSMixer,delta_err_clean,-0.032390597900748275
135,ETTh1,revin,revin_affineTrue_eps1e-5,DLinear,delta_err_clean,0.009832121467590327
136,Penmanshiel_Hourly_WT08,randomized_smoothing,rs_backbonebaseline_std0.25_samples30_alpha0.25,ModernTCN,D_w,-0.0017130804823670687
137,Penmanshiel_Hourly_WT08,randomized_smoothing,rs_backbonebaseline_std0.25_samples30_alpha0.35,GRU,D_w,6.799798007928182e-05
138,Penmanshiel_Hourly_WT08,randomized_smoothing,rs_backbonebaseline_std0.25_samples30_alpha0.25,PatchTST,D_w,0.0029401834191720155
139,Penmanshiel_Hourly_WT08,randomized_smoothing,rs_backbonebaseline_std0.25_samples30_alpha0.25,TSMixer,D_w,-0.006091810964136357
140,Penmanshiel_Hourly_WT08,randomized_smoothing,rs_backbonebaseline_std0.25_samples30_alpha0.45,DLinear,D_w,-0.0033940653365152063
141,Penmanshiel_Hourly_WT08,ensemble,ensemble_top7_mean,ModernTCN,D_w,-0.005760303318854021
142,Penmanshiel_Hourly_WT08,ensemble,ensemble_top10_mean,GRU,D_w,0.0013314526799299564
143,Penmanshiel_Hourly_WT08,ensemble,ensemble_top7_mean,PatchTST,D_w,0.018260456297030103
144,Penmanshiel_Hourly_WT08,ensemble,ensemble_top10_mean,TSMixer,D_w,-0.11673690746109222
145,Penmanshiel_Hourly_WT08,ensemble,ensemble_top10_mean,DLinear,D_w,-0.013720386052390898
146,Penmanshiel_Hourly_WT08,fault_augmentation,fa_profholdout_simple_mix0.75_sev1.0_frac0.1,ModernTCN,D_w,-0.017910546120469384
147,Penmanshiel_Hourly_WT08,fault_augmentation,fa_profholdout_varying_mix0.75_sev0.75_frac0.1,GRU,D_w,0.0016807801736840045
148,Penmanshiel_Hourly_WT08,fault_augmentation,fa_profholdout_simple_mix1.0_sev1.0_frac0.1,PatchTST,D_w,0.019429733879822386
149,Penmanshiel_Hourly_WT08,fault_augmentation,fa_profholdout_simple_mix0.75_sev0.75_frac0.1,TSMixer,D_w,-0.09155250936710346
150,Penmanshiel_Hourly_WT08,fault_augmentation,fa_profholdout_simple_mix0.75_sev1.0_frac0.1,DLinear,D_w,-0.004684336392545507
151,Penmanshiel_Hourly_WT08,adversarial_training,advtrain_eps0.05_steps3_alpha0.02_channelsall,GRU,D_w,-0.026532349832708135
152,Penmanshiel_Hourly_WT08,adaptive_robust_loss,arl_alo0.001_ainit1.0_slo1e-05_sinit0.1,PatchTST,D_w,0.5697330628728936
153,Penmanshiel_Hourly_WT08,adaptive_robust_loss,arl_alo0.5_ainit1.0_slo0.01_sinit1.0,ModernTCN,D_w,0.06977016819439008
154,Penmanshiel_Hourly_WT08,adaptive_robust_loss,arl_alo0.001_ainit1.9_slo0.001_sinit1.0,GRU,D_w,0.06576058905337878
155,Penmanshiel_Hourly_WT08,adaptive_robust_loss,arl_alo0.001_ainit1.0_slo0.001_sinit0.1,TSMixer,D_w,-0.08912973689855086
156,Penmanshiel_Hourly_WT08,adaptive_robust_loss,arl_alo0.001_ainit1.0_slo0.001_sinit0.1,DLinear,D_w,0.10181818373386031
157,Penmanshiel_Hourly_WT08,adversarial_training,advtrain_eps0.05_steps7_alpha0.02_channelsall,PatchTST,D_w,-0.00024256517467446947
158,Penmanshiel_Hourly_WT08,randomized_training,rt_spaceraw_std0.1_channelscontinuous,PatchTST,D_w,0.001754622005717188
159,Penmanshiel_Hourly_WT08,adversarial_training,advtrain_eps0.2_steps3_alpha0.02_channelsall,ModernTCN,D_w,-0.08242684418789059
160,Penmanshiel_Hourly_WT08,adversarial_training,advtrain_eps0.1_steps3_alpha0.02_channelsall,TSMixer,D_w,-0.14602613731574676
161,Penmanshiel_Hourly_WT08,adversarial_training,advtrain_eps0.05_steps7_alpha0.02_channelsall,DLinear,D_w,-0.03747677175194064
162,Penmanshiel_Hourly_WT08,randomized_training,rt_spaceraw_std0.2_channelscontinuous,GRU,D_w,-0.005544217691116016
163,Penmanshiel_Hourly_WT08,randomized_training,rt_spaceraw_std0.1_channelscontinuous,TSMixer,D_w,-0.07381180464409631
164,Penmanshiel_Hourly_WT08,randomized_training,rt_spaceraw_std0.1_channelscontinuous,DLinear,D_w,-0.04776128852016148
165,Penmanshiel_Hourly_WT08,revin,revin_affineFalse_eps1e-5,ModernTCN,D_w,0.03220787620707943
166,Penmanshiel_Hourly_WT08,randomized_training,rt_spaceraw_std0.1_channelscontinuous,ModernTCN,D_w,-0.05406930221902617
167,Penmanshiel_Hourly_WT08,revin,revin_affineTrue_eps1e-5,GRU,D_w,0.3811180774245002
168,Penmanshiel_Hourly_WT08,revin,revin_affineTrue_eps1e-5,TSMixer,D_w,0.026544633692644037
169,Penmanshiel_Hourly_WT08,revin,revin_affineFalse_eps1e-5,DLinear,D_w,0.00039813476357242195
170,traffic,randomized_smoothing,rs_backbonebaseline_std0.25_samples30_alpha0.25,ModernTCN,D_w,-0.0005536341634744257
171,traffic,randomized_smoothing,rs_backbonebaseline_std0.5_samples30_alpha0.25,GRU,D_w,-4.008849959391547e-05
172,traffic,randomized_smoothing,rs_backbonebaseline_std0.25_samples30_alpha0.25,PatchTST,D_w,-0.10420081390300195
173,traffic,randomized_smoothing,rs_backbonebaseline_std0.25_samples30_alpha0.25,TSMixer,D_w,-0.002319850473160301
174,traffic,randomized_smoothing,rs_backbonebaseline_std0.25_samples30_alpha0.25,DLinear,D_w,-0.00010288047885387286
175,traffic,ensemble,ensemble_top10_mean,ModernTCN,D_w,-0.009145083835152779
176,traffic,ensemble,ensemble_top3_mean,GRU,D_w,-0.097044417619361
177,traffic,ensemble,ensemble_top3_mean,PatchTST,D_w,0.033229027507829745
178,traffic,ensemble,ensemble_top10_mean,TSMixer,D_w,-0.020700151352621265
179,traffic,ensemble,ensemble_top5_mean,DLinear,D_w,-0.0015326400426753928
180,traffic,fault_augmentation,fa_profholdout_simple_mix0.75_sev0.75_frac0.25,GRU,D_w,0.0403611498835752
181,traffic,fault_augmentation,fa_profholdout_varying_mix1.0_sev1.0_frac0.1,PatchTST,D_w,-0.17350052827828955
182,traffic,fault_augmentation,fa_profholdout_varying_mix0.75_sev0.75_frac0.1,ModernTCN,D_w,-0.020666548978258925
183,traffic,fault_augmentation,fa_profholdout_simple_mix1.0_sev0.75_frac0.1,TSMixer,D_w,0.029913495420386127
184,traffic,fault_augmentation,fa_profholdout_varying_mix0.75_sev0.75_frac0.1,DLinear,D_w,-0.000811384663680581
185,traffic,randomized_training,rt_spaceraw_std0.3_channelscontinuous,GRU,D_w,0.030087310803996292
186,traffic,adaptive_robust_loss,arl_alo0.001_ainit1.0_slo0.01_sinit1.0,PatchTST,D_w,-0.08714283585130822
187,traffic,adaptive_robust_loss,arl_alo0.001_ainit1.0_slo1e-05_sinit0.1,ModernTCN,D_w,-0.027603251646868054
188,traffic,adversarial_training,advtrain_eps0.05_steps5_alpha0.02_channelsall,PatchTST,D_w,0.06334485834542813
189,traffic,adversarial_training,advtrain_eps0.1_steps5_alpha0.02_channelsall,ModernTCN,D_w,-0.028609124541091324
190,traffic,adaptive_robust_loss,arl_alo0.001_ainit1.5_slo0.001_sinit0.1,GRU,D_w,-0.049961036513844315
191,traffic,randomized_training,rt_spaceraw_std0.1_channelscontinuous,PatchTST,D_w,0.03205431892575539
192,traffic,adaptive_robust_loss,arl_alo0.001_ainit1.0_slo1e-05_sinit1.0,TSMixer,D_w,0.030673155014707243
193,traffic,adaptive_robust_loss,arl_alo0.001_ainit1.9_slo0.01_sinit0.1,DLinear,D_w,0.10097077810524491
194,traffic,adversarial_training,advtrain_eps0.2_steps7_alpha0.02_channelsall,GRU,D_w,-0.003124146790166149
195,traffic,adversarial_training,advtrain_eps0.05_steps7_alpha0.02_channelsall,TSMixer,D_w,0.08332309378957636
196,traffic,adversarial_training,advtrain_eps0.05_steps3_alpha0.02_channelsall,DLinear,D_w,-0.001882617457949154
197,traffic,randomized_training,rt_spaceraw_std0.1_channelscontinuous,TSMixer,D_w,0.03968503307957638
198,traffic,randomized_training,rt_spaceraw_std0.1_channelscontinuous,DLinear,D_w,-0.0017172874067441501
199,traffic,revin,revin_affineTrue_eps1e-5,ModernTCN,D_w,0.3383629664010559
200,traffic,randomized_training,rt_spaceraw_std0.1_channelscontinuous,ModernTCN,D_w,-0.045824732927780776
201,traffic,revin,revin_affineFalse_eps1e-5,GRU,D_w,0.24738660157301617
202,traffic,revin,revin_affineFalse_eps1e-5,TSMixer,D_w,0.3464943769625435
203,traffic,revin,revin_affineTrue_eps1e-5,DLinear,D_w,0.13470323885842195
204,BeijingAir_Tiantan,randomized_smoothing,rs_backbonebaseline_std0.25_samples30_alpha0.25,ModernTCN,D_w,-0.009458436375301194
205,BeijingAir_Tiantan,randomized_smoothing,rs_backbonebaseline_std0.25_samples30_alpha0.25,GRU,D_w,0.0002619852376246623
206,BeijingAir_Tiantan,randomized_smoothing,rs_backbonebaseline_std0.25_samples30_alpha0.25,PatchTST,D_w,0.006307753291738605
207,BeijingAir_Tiantan,randomized_smoothing,rs_backbonebaseline_std0.25_samples30_alpha0.25,TSMixer,D_w,0.007918985473962525
208,BeijingAir_Tiantan,randomized_smoothing,rs_backbonebaseline_std0.25_samples30_alpha0.25,DLinear,D_w,-0.0004327812466060621
209,BeijingAir_Tiantan,ensemble,ensemble_top5_mean,ModernTCN,D_w,0.016160881891481793
210,BeijingAir_Tiantan,ensemble,ensemble_top3_mean,GRU,D_w,0.008299824511878606
211,BeijingAir_Tiantan,ensemble,ensemble_top3_mean,PatchTST,D_w,-0.0077801119784468575
212,BeijingAir_Tiantan,ensemble,ensemble_top10_mean,TSMixer,D_w,0.03968477429347517
213,BeijingAir_Tiantan,ensemble,ensemble_top10_mean,DLinear,D_w,-0.01926072665103873
214,BeijingAir_Tiantan,fault_augmentation,fa_profholdout_varying_mix0.75_sev0.75_frac0.1,ModernTCN,D_w,-0.01931431288406249
215,BeijingAir_Tiantan,fault_augmentation,fa_profholdout_varying_mix0.75_sev0.75_frac0.1,GRU,D_w,0.00866886540210765
216,BeijingAir_Tiantan,fault_augmentation,fa_profholdout_simple_mix0.75_sev0.75_frac0.25,PatchTST,D_w,-0.06350065256015491
217,BeijingAir_Tiantan,fault_augmentation,fa_profholdout_varying_mix0.75_sev1.0_frac0.1,TSMixer,D_w,-0.049255859454915285
218,BeijingAir_Tiantan,fault_augmentation,fa_profholdout_simple_mix1.0_sev1.0_frac0.25,DLinear,D_w,-0.07033100005820225
219,BeijingAir_Tiantan,adaptive_robust_loss,arl_alo0.001_ainit1.0_slo0.01_sinit0.1,PatchTST,D_w,-0.009845503523107979
220,BeijingAir_Tiantan,adaptive_robust_loss,arl_alo0.001_ainit1.0_slo0.01_sinit0.1,ModernTCN,D_w,-0.0995046559573074
221,BeijingAir_Tiantan,adaptive_robust_loss,arl_alo0.001_ainit1.0_slo1e-05_sinit0.1,GRU,D_w,0.02037346334649892
222,BeijingAir_Tiantan,adaptive_robust_loss,arl_alo0.001_ainit1.0_slo0.001_sinit0.1,TSMixer,D_w,0.0528293916855509
223,BeijingAir_Tiantan,adaptive_robust_loss,arl_alo0.001_ainit1.9_slo0.001_sinit0.1,DLinear,D_w,-0.08417338125615381
224,BeijingAir_Tiantan,adversarial_training,advtrain_eps0.1_steps3_alpha0.02_channelsall,PatchTST,D_w,-0.1169959378948573
225,BeijingAir_Tiantan,randomized_training,rt_spaceraw_std0.1_channelscontinuous,PatchTST,D_w,-0.1283410105515943
226,BeijingAir_Tiantan,adversarial_training,advtrain_eps0.05_steps7_alpha0.02_channelsall,GRU,D_w,-0.018275480206107586
227,BeijingAir_Tiantan,adversarial_training,advtrain_eps0.05_steps3_alpha0.02_channelsall,ModernTCN,D_w,-0.2066175674631221
228,BeijingAir_Tiantan,adversarial_training,advtrain_eps0.1_steps3_alpha0.02_channelsall,TSMixer,D_w,-0.004761787182318233
229,BeijingAir_Tiantan,adversarial_training,advtrain_eps0.05_steps3_alpha0.02_channelsall,DLinear,D_w,-0.3349269815327567
230,BeijingAir_Tiantan,randomized_training,rt_spaceraw_std0.1_channelscontinuous,ModernTCN,D_w,-0.22282894794078656
231,BeijingAir_Tiantan,randomized_training,rt_spaceraw_std0.1_channelscontinuous,GRU,D_w,-0.017385183031515483
232,BeijingAir_Tiantan,randomized_training,rt_spaceraw_std0.1_channelscontinuous,TSMixer,D_w,-0.038036840464174215
233,BeijingAir_Tiantan,randomized_training,rt_spaceraw_std0.1_channelscontinuous,DLinear,D_w,-0.32323853302842154
234,BeijingAir_Tiantan,revin,revin_affineFalse_eps1e-5,ModernTCN,D_w,-0.06047988161316309
235,BeijingAir_Tiantan,revin,revin_affineFalse_eps1e-5,GRU,D_w,0.2335671146273801
236,BeijingAir_Tiantan,revin,revin_affineFalse_eps1e-5,TSMixer,D_w,0.2328519630401542
237,BeijingAir_Tiantan,revin,revin_affineFalse_eps1e-5,DLinear,D_w,-0.19405144553195441
238,ETTh1,randomized_smoothing,rs_backbonebaseline_std0.25_samples30_alpha0.25,ModernTCN,D_w,-0.00017920253740832948
239,ETTh1,randomized_smoothing,rs_backbonebaseline_std0.25_samples30_alpha0.25,GRU,D_w,-0.00024632840080296425
240,ETTh1,randomized_smoothing,rs_backbonebaseline_std0.25_samples30_alpha0.25,PatchTST,D_w,-0.003989816315597583
241,ETTh1,randomized_smoothing,rs_backbonebaseline_std0.5_samples30_alpha0.25,TSMixer,D_w,0.002312519045562622
242,ETTh1,randomized_smoothing,rs_backbonebaseline_std0.25_samples30_alpha0.25,DLinear,D_w,-0.00028871108467831696
243,ETTh1,ensemble,ensemble_top3_mean,ModernTCN,D_w,-0.01418136036816331
244,ETTh1,ensemble,ensemble_top5_mean,GRU,D_w,0.003735066113699448
245,ETTh1,ensemble,ensemble_top10_mean,PatchTST,D_w,-0.00821242774368125
246,ETTh1,ensemble,ensemble_top5_mean,TSMixer,D_w,-0.004349479823126057
247,ETTh1,ensemble,ensemble_top5_mean,DLinear,D_w,0.00010421490269485467
248,ETTh1,fault_augmentation,fa_profholdout_varying_mix0.75_sev0.75_frac0.1,ModernTCN,D_w,-0.003883342483359975
249,ETTh1,fault_augmentation,fa_profholdout_simple_mix1.0_sev0.75_frac0.1,GRU,D_w,-0.0022409836621597456
250,ETTh1,fault_augmentation,fa_profholdout_simple_mix0.75_sev0.75_frac0.25,PatchTST,D_w,0.008787334628178822
251,ETTh1,fault_augmentation,fa_profholdout_varying_mix0.75_sev0.75_frac0.1,TSMixer,D_w,-0.003464639550410986
252,ETTh1,fault_augmentation,fa_profholdout_simple_mix0.75_sev1.0_frac0.25,DLinear,D_w,-0.005884410868270962
253,ETTh1,adaptive_robust_loss,arl_alo0.001_ainit1.0_slo1e-05_sinit0.1,PatchTST,D_w,0.01756119463019079
254,ETTh1,adaptive_robust_loss,arl_alo0.25_ainit1.0_slo1e-05_sinit1.0,ModernTCN,D_w,-0.0263444978791898
255,ETTh1,adaptive_robust_loss,arl_alo0.5_ainit1.0_slo0.01_sinit1.0,GRU,D_w,-0.003875255709326675
256,ETTh1,adaptive_robust_loss,arl_alo0.001_ainit1.0_slo0.001_sinit0.1,TSMixer,D_w,0.002768849064220369
257,ETTh1,adaptive_robust_loss,arl_alo0.001_ainit1.0_slo1e-05_sinit0.1,DLinear,D_w,0.013173499828605939
258,ETTh1,adversarial_training,advtrain_eps0.05_steps7_alpha0.02_channelsall,ModernTCN,D_w,-0.00047289599601230137
259,ETTh1,randomized_training,rt_spaceraw_std0.1_channelscontinuous,ModernTCN,D_w,0.0006754215398256935
260,ETTh1,adversarial_training,advtrain_eps0.05_steps7_alpha0.02_channelsall,GRU,D_w,0.0037056309025931267
261,ETTh1,randomized_training,rt_spaceraw_std0.2_channelscontinuous,GRU,D_w,-0.005523490887291649
262,ETTh1,adversarial_training,advtrain_eps0.1_steps5_alpha0.02_channelsall,PatchTST,D_w,-0.006123796344458476
263,ETTh1,randomized_training,rt_spaceraw_std0.1_channelscontinuous,PatchTST,D_w,-0.0184863133932911
264,ETTh1,adversarial_training,advtrain_eps0.05_steps7_alpha0.02_channelsall,TSMixer,D_w,0.001670298986869545
265,ETTh1,randomized_training,rt_spaceraw_std0.1_channelscontinuous,TSMixer,D_w,-0.003806308619743959
266,ETTh1,adversarial_training,advtrain_eps0.2_steps7_alpha0.02_channelsall,DLinear,D_w,0.0017245350287895533
267,ETTh1,randomized_training,rt_spaceraw_std0.2_channelscontinuous,DLinear,D_w,0.006480719040106164
268,ETTh1,revin,revin_affineTrue_eps1e-5,ModernTCN,D_w,0.09230463768227515
269,ETTh1,revin,revin_affineTrue_eps1e-5,GRU,D_w,0.2089687553715358
270,ETTh1,revin,revin_affineFalse_eps1e-5,TSMixer,D_w,0.15706873932723253
271,ETTh1,revin,revin_affineTrue_eps1e-5,DLinear,D_w,0.0388367599401207
272,Penmanshiel_Hourly_WT08,randomized_smoothing,rs_backbonebaseline_std0.25_samples30_alpha0.25,ModernTCN,D_mean,2.9874459536172182e-05
273,Penmanshiel_Hourly_WT08,randomized_smoothing,rs_backbonebaseline_std0.25_samples30_alpha0.35,GRU,D_mean,0.00017603713534319887
274,Penmanshiel_Hourly_WT08,randomized_smoothing,rs_backbonebaseline_std0.25_samples30_alpha0.25,PatchTST,D_mean,-0.0007160636299099465
275,Penmanshiel_Hourly_WT08,randomized_smoothing,rs_backbonebaseline_std0.25_samples30_alpha0.25,TSMixer,D_mean,-0.0025066515140168555
276,Penmanshiel_Hourly_WT08,randomized_smoothing,rs_backbonebaseline_std0.25_samples30_alpha0.45,DLinear,D_mean,-0.0010988165352312507
277,Penmanshiel_Hourly_WT08,ensemble,ensemble_top7_mean,ModernTCN,D_mean,-0.0014022701319378328
278,Penmanshiel_Hourly_WT08,ensemble,ensemble_top10_mean,GRU,D_mean,-0.0009517999956871748
279,Penmanshiel_Hourly_WT08,ensemble,ensemble_top7_mean,PatchTST,D_mean,0.006537191260957309
280,Penmanshiel_Hourly_WT08,ensemble,ensemble_top10_mean,TSMixer,D_mean,-0.03623051427257118
281,Penmanshiel_Hourly_WT08,ensemble,ensemble_top10_mean,DLinear,D_mean,-0.0023318724367356047
282,Penmanshiel_Hourly_WT08,fault_augmentation,fa_profholdout_simple_mix0.75_sev1.0_frac0.1,ModernTCN,D_mean,-0.010258147714563348
283,Penmanshiel_Hourly_WT08,fault_augmentation,fa_profholdout_varying_mix0.75_sev0.75_frac0.1,GRU,D_mean,0.0007302707645930884
284,Penmanshiel_Hourly_WT08,fault_augmentation,fa_profholdout_simple_mix1.0_sev1.0_frac0.1,PatchTST,D_mean,0.010848502150521133
285,Penmanshiel_Hourly_WT08,fault_augmentation,fa_profholdout_simple_mix0.75_sev0.75_frac0.1,TSMixer,D_mean,-0.035851583836365775
286,Penmanshiel_Hourly_WT08,fault_augmentation,fa_profholdout_simple_mix0.75_sev1.0_frac0.1,DLinear,D_mean,-0.0014617037950908074
287,Penmanshiel_Hourly_WT08,adversarial_training,advtrain_eps0.05_steps3_alpha0.02_channelsall,GRU,D_mean,-0.00967852020895843
288,Penmanshiel_Hourly_WT08,adaptive_robust_loss,arl_alo0.001_ainit1.0_slo1e-05_sinit0.1,PatchTST,D_mean,0.09168274578108937
289,Penmanshiel_Hourly_WT08,adaptive_robust_loss,arl_alo0.5_ainit1.0_slo0.01_sinit1.0,ModernTCN,D_mean,-0.008979250927860782
290,Penmanshiel_Hourly_WT08,adaptive_robust_loss,arl_alo0.001_ainit1.9_slo0.001_sinit1.0,GRU,D_mean,0.018966712629363336
291,Penmanshiel_Hourly_WT08,adaptive_robust_loss,arl_alo0.001_ainit1.0_slo0.001_sinit0.1,TSMixer,D_mean,-0.03960519275609853
292,Penmanshiel_Hourly_WT08,adaptive_robust_loss,arl_alo0.001_ainit1.0_slo0.001_sinit0.1,DLinear,D_mean,0.01460257948944177
293,Penmanshiel_Hourly_WT08,adversarial_training,advtrain_eps0.05_steps7_alpha0.02_channelsall,PatchTST,D_mean,-0.00459642327680676
294,Penmanshiel_Hourly_WT08,randomized_training,rt_spaceraw_std0.1_channelscontinuous,PatchTST,D_mean,-0.0016681368139921382
295,Penmanshiel_Hourly_WT08,adversarial_training,advtrain_eps0.2_steps3_alpha0.02_channelsall,ModernTCN,D_mean,-0.0209298220558769
296,Penmanshiel_Hourly_WT08,adversarial_training,advtrain_eps0.1_steps3_alpha0.02_channelsall,TSMixer,D_mean,-0.0391832811386581
297,Penmanshiel_Hourly_WT08,adversarial_training,advtrain_eps0.05_steps7_alpha0.02_channelsall,DLinear,D_mean,-0.0075225496606066145
298,Penmanshiel_Hourly_WT08,randomized_training,rt_spaceraw_std0.2_channelscontinuous,GRU,D_mean,-0.0025270062727067444
299,Penmanshiel_Hourly_WT08,randomized_training,rt_spaceraw_std0.1_channelscontinuous,TSMixer,D_mean,-0.03426486064068568
300,Penmanshiel_Hourly_WT08,randomized_training,rt_spaceraw_std0.1_channelscontinuous,DLinear,D_mean,-0.009775804320961923
301,Penmanshiel_Hourly_WT08,revin,revin_affineFalse_eps1e-5,ModernTCN,D_mean,0.03529651797327382
302,Penmanshiel_Hourly_WT08,randomized_training,rt_spaceraw_std0.1_channelscontinuous,ModernTCN,D_mean,-0.012253618039812952
303,Penmanshiel_Hourly_WT08,revin,revin_affineTrue_eps1e-5,GRU,D_mean,0.10543573346577317
304,Penmanshiel_Hourly_WT08,revin,revin_affineTrue_eps1e-5,TSMixer,D_mean,0.025119855371183775
305,Penmanshiel_Hourly_WT08,revin,revin_affineFalse_eps1e-5,DLinear,D_mean,0.00682098224863581
306,traffic,randomized_smoothing,rs_backbonebaseline_std0.25_samples30_alpha0.25,ModernTCN,D_mean,0.002031176016992431
307,traffic,randomized_smoothing,rs_backbonebaseline_std0.5_samples30_alpha0.25,GRU,D_mean,0.003300666494574056
308,traffic,randomized_smoothing,rs_backbonebaseline_std0.25_samples30_alpha0.25,PatchTST,D_mean,-0.048131463137859765
309,traffic,randomized_smoothing,rs_backbonebaseline_std0.25_samples30_alpha0.25,TSMixer,D_mean,0.00020991952098459166
310,traffic,randomized_smoothing,rs_backbonebaseline_std0.25_samples30_alpha0.25,DLinear,D_mean,-4.724899000896343e-05
311,traffic,ensemble,ensemble_top10_mean,ModernTCN,D_mean,0.0009749859357952584
312,traffic,ensemble,ensemble_top3_mean,GRU,D_mean,-0.017725615780599835
313,traffic,ensemble,ensemble_top3_mean,PatchTST,D_mean,0.0019477556950369124
314,traffic,ensemble,ensemble_top10_mean,TSMixer,D_mean,-0.004096488359235373
315,traffic,ensemble,ensemble_top5_mean,DLinear,D_mean,0.00020771049339973757
316,traffic,fault_augmentation,fa_profholdout_simple_mix0.75_sev0.75_frac0.25,GRU,D_mean,0.00741874875647075
317,traffic,fault_augmentation,fa_profholdout_varying_mix1.0_sev1.0_frac0.1,PatchTST,D_mean,-0.06074766789478936
318,traffic,fault_augmentation,fa_profholdout_varying_mix0.75_sev0.75_frac0.1,ModernTCN,D_mean,-0.022416381916497308
319,traffic,fault_augmentation,fa_profholdout_simple_mix1.0_sev0.75_frac0.1,TSMixer,D_mean,0.022196599215381196
320,traffic,fault_augmentation,fa_profholdout_varying_mix0.75_sev0.75_frac0.1,DLinear,D_mean,-0.0003318351473857728
321,traffic,randomized_training,rt_spaceraw_std0.3_channelscontinuous,GRU,D_mean,0.005117696390918747
322,traffic,adaptive_robust_loss,arl_alo0.001_ainit1.0_slo0.01_sinit1.0,PatchTST,D_mean,-0.04796012548159112
323,traffic,adaptive_robust_loss,arl_alo0.001_ainit1.0_slo1e-05_sinit0.1,ModernTCN,D_mean,-0.00033585627423970976
324,traffic,adversarial_training,advtrain_eps0.05_steps5_alpha0.02_channelsall,PatchTST,D_mean,0.009486477593571685
325,traffic,adversarial_training,advtrain_eps0.1_steps5_alpha0.02_channelsall,ModernTCN,D_mean,-0.016790818637551608
326,traffic,adaptive_robust_loss,arl_alo0.001_ainit1.5_slo0.001_sinit0.1,GRU,D_mean,-0.004909683861383796
327,traffic,randomized_training,rt_spaceraw_std0.1_channelscontinuous,PatchTST,D_mean,0.00873313175914614
328,traffic,adaptive_robust_loss,arl_alo0.001_ainit1.0_slo1e-05_sinit1.0,TSMixer,D_mean,0.034072754276140316
329,traffic,adaptive_robust_loss,arl_alo0.001_ainit1.9_slo0.01_sinit0.1,DLinear,D_mean,0.046158801078536316
330,traffic,adversarial_training,advtrain_eps0.2_steps7_alpha0.02_channelsall,GRU,D_mean,-0.011064268464802574
331,traffic,adversarial_training,advtrain_eps0.05_steps7_alpha0.02_channelsall,TSMixer,D_mean,0.010135187556872705
332,traffic,adversarial_training,advtrain_eps0.05_steps3_alpha0.02_channelsall,DLinear,D_mean,-0.000841215303678311
333,traffic,randomized_training,rt_spaceraw_std0.1_channelscontinuous,TSMixer,D_mean,0.019380821090734912
334,traffic,randomized_training,rt_spaceraw_std0.1_channelscontinuous,DLinear,D_mean,-0.0009117171451307193
335,traffic,revin,revin_affineTrue_eps1e-5,ModernTCN,D_mean,0.12778867392177085
336,traffic,randomized_training,rt_spaceraw_std0.1_channelscontinuous,ModernTCN,D_mean,-0.032366905181468564
337,traffic,revin,revin_affineFalse_eps1e-5,GRU,D_mean,0.10477444130026559
338,traffic,revin,revin_affineFalse_eps1e-5,TSMixer,D_mean,0.13401522627606188
339,traffic,revin,revin_affineTrue_eps1e-5,DLinear,D_mean,0.042335970246583976
340,BeijingAir_Tiantan,randomized_smoothing,rs_backbonebaseline_std0.25_samples30_alpha0.25,ModernTCN,D_mean,-0.006203424709382288
341,BeijingAir_Tiantan,randomized_smoothing,rs_backbonebaseline_std0.25_samples30_alpha0.25,GRU,D_mean,-0.0010910198986704422
342,BeijingAir_Tiantan,randomized_smoothing,rs_backbonebaseline_std0.25_samples30_alpha0.25,PatchTST,D_mean,0.0035275061132429286
343,BeijingAir_Tiantan,randomized_smoothing,rs_backbonebaseline_std0.25_samples30_alpha0.25,TSMixer,D_mean,0.002094295340811847
344,BeijingAir_Tiantan,randomized_smoothing,rs_backbonebaseline_std0.25_samples30_alpha0.25,DLinear,D_mean,-0.0004385616340456533
345,BeijingAir_Tiantan,ensemble,ensemble_top5_mean,ModernTCN,D_mean,0.004326891686167844
346,BeijingAir_Tiantan,ensemble,ensemble_top3_mean,GRU,D_mean,0.01059235087562338
347,BeijingAir_Tiantan,ensemble,ensemble_top3_mean,PatchTST,D_mean,0.0029396424889753803
348,BeijingAir_Tiantan,ensemble,ensemble_top10_mean,TSMixer,D_mean,0.01705287430027025
349,BeijingAir_Tiantan,ensemble,ensemble_top10_mean,DLinear,D_mean,-0.003378422099299394
350,BeijingAir_Tiantan,fault_augmentation,fa_profholdout_varying_mix0.75_sev0.75_frac0.1,ModernTCN,D_mean,-0.012535437159063134
351,BeijingAir_Tiantan,fault_augmentation,fa_profholdout_varying_mix0.75_sev0.75_frac0.1,GRU,D_mean,-0.0018525183956863422
352,BeijingAir_Tiantan,fault_augmentation,fa_profholdout_simple_mix0.75_sev0.75_frac0.25,PatchTST,D_mean,-0.011138106239254153
353,BeijingAir_Tiantan,fault_augmentation,fa_profholdout_varying_mix0.75_sev1.0_frac0.1,TSMixer,D_mean,-0.013570096510601815
354,BeijingAir_Tiantan,fault_augmentation,fa_profholdout_simple_mix1.0_sev1.0_frac0.25,DLinear,D_mean,-0.0180189073739645
355,BeijingAir_Tiantan,adaptive_robust_loss,arl_alo0.001_ainit1.0_slo0.01_sinit0.1,PatchTST,D_mean,-0.0009619581498601093
356,BeijingAir_Tiantan,adaptive_robust_loss,arl_alo0.001_ainit1.0_slo0.01_sinit0.1,ModernTCN,D_mean,-0.019247499584938765
357,BeijingAir_Tiantan,adaptive_robust_loss,arl_alo0.001_ainit1.0_slo1e-05_sinit0.1,GRU,D_mean,0.017654241798713333
358,BeijingAir_Tiantan,adaptive_robust_loss,arl_alo0.001_ainit1.0_slo0.001_sinit0.1,TSMixer,D_mean,0.03394048565231644
359,BeijingAir_Tiantan,adaptive_robust_loss,arl_alo0.001_ainit1.9_slo0.001_sinit0.1,DLinear,D_mean,-0.015545236362621395
360,BeijingAir_Tiantan,adversarial_training,advtrain_eps0.1_steps3_alpha0.02_channelsall,PatchTST,D_mean,-0.029600979319492904
361,BeijingAir_Tiantan,randomized_training,rt_spaceraw_std0.1_channelscontinuous,PatchTST,D_mean,-0.029193750391747653
362,BeijingAir_Tiantan,adversarial_training,advtrain_eps0.05_steps7_alpha0.02_channelsall,GRU,D_mean,-0.006026535351305373
363,BeijingAir_Tiantan,adversarial_training,advtrain_eps0.05_steps3_alpha0.02_channelsall,ModernTCN,D_mean,-0.06379875943215785
364,BeijingAir_Tiantan,adversarial_training,advtrain_eps0.1_steps3_alpha0.02_channelsall,TSMixer,D_mean,0.0037916900272016996
365,BeijingAir_Tiantan,adversarial_training,advtrain_eps0.05_steps3_alpha0.02_channelsall,DLinear,D_mean,-0.07246080839844815
366,BeijingAir_Tiantan,randomized_training,rt_spaceraw_std0.1_channelscontinuous,ModernTCN,D_mean,-0.069013764403548
367,BeijingAir_Tiantan,randomized_training,rt_spaceraw_std0.1_channelscontinuous,GRU,D_mean,-0.028983599883673605
368,BeijingAir_Tiantan,randomized_training,rt_spaceraw_std0.1_channelscontinuous,TSMixer,D_mean,-0.013542823459959275
369,BeijingAir_Tiantan,randomized_training,rt_spaceraw_std0.1_channelscontinuous,DLinear,D_mean,-0.07022782739591937
370,BeijingAir_Tiantan,revin,revin_affineFalse_eps1e-5,ModernTCN,D_mean,0.00084187819067294
371,BeijingAir_Tiantan,revin,revin_affineFalse_eps1e-5,GRU,D_mean,0.05672825527157643
372,BeijingAir_Tiantan,revin,revin_affineFalse_eps1e-5,TSMixer,D_mean,0.07956584778776299
373,BeijingAir_Tiantan,revin,revin_affineFalse_eps1e-5,DLinear,D_mean,-0.03611183593507272
374,ETTh1,randomized_smoothing,rs_backbonebaseline_std0.25_samples30_alpha0.25,ModernTCN,D_mean,-7.414177672782074e-05
375,ETTh1,randomized_smoothing,rs_backbonebaseline_std0.25_samples30_alpha0.25,GRU,D_mean,-8.565269614813076e-05
376,ETTh1,randomized_smoothing,rs_backbonebaseline_std0.25_samples30_alpha0.25,PatchTST,D_mean,-0.0023058935546493853
377,ETTh1,randomized_smoothing,rs_backbonebaseline_std0.5_samples30_alpha0.25,TSMixer,D_mean,0.010339229026342434
378,ETTh1,randomized_smoothing,rs_backbonebaseline_std0.25_samples30_alpha0.25,DLinear,D_mean,-0.00018740416618956424
379,ETTh1,ensemble,ensemble_top3_mean,ModernTCN,D_mean,-0.0042388199910199376
380,ETTh1,ensemble,ensemble_top5_mean,GRU,D_mean,-0.003465150300135944
381,ETTh1,ensemble,ensemble_top10_mean,PatchTST,D_mean,-0.006300469921076246
382,ETTh1,ensemble,ensemble_top5_mean,TSMixer,D_mean,-0.008916108544898327
383,ETTh1,ensemble,ensemble_top5_mean,DLinear,D_mean,0.0020599413681023915
384,ETTh1,fault_augmentation,fa_profholdout_varying_mix0.75_sev0.75_frac0.1,ModernTCN,D_mean,-0.002373053672710901
385,ETTh1,fault_augmentation,fa_profholdout_simple_mix1.0_sev0.75_frac0.1,GRU,D_mean,-0.005115478387329286
386,ETTh1,fault_augmentation,fa_profholdout_simple_mix0.75_sev0.75_frac0.25,PatchTST,D_mean,0.00485572974283377
387,ETTh1,fault_augmentation,fa_profholdout_varying_mix0.75_sev0.75_frac0.1,TSMixer,D_mean,-0.005427902486531355
388,ETTh1,fault_augmentation,fa_profholdout_simple_mix0.75_sev1.0_frac0.25,DLinear,D_mean,-0.002401101308047826
389,ETTh1,adaptive_robust_loss,arl_alo0.001_ainit1.0_slo1e-05_sinit0.1,PatchTST,D_mean,-0.008861255345792962
390,ETTh1,adaptive_robust_loss,arl_alo0.25_ainit1.0_slo1e-05_sinit1.0,ModernTCN,D_mean,-0.021544024079443336
391,ETTh1,adaptive_robust_loss,arl_alo0.5_ainit1.0_slo0.01_sinit1.0,GRU,D_mean,-0.02288100470318577
392,ETTh1,adaptive_robust_loss,arl_alo0.001_ainit1.0_slo0.001_sinit0.1,TSMixer,D_mean,-0.007504914822281883
393,ETTh1,adaptive_robust_loss,arl_alo0.001_ainit1.0_slo1e-05_sinit0.1,DLinear,D_mean,0.007590099608641099
394,ETTh1,adversarial_training,advtrain_eps0.05_steps7_alpha0.02_channelsall,ModernTCN,D_mean,-0.0038300572322316206
395,ETTh1,randomized_training,rt_spaceraw_std0.1_channelscontinuous,ModernTCN,D_mean,-0.0033291689644969757
396,ETTh1,adversarial_training,advtrain_eps0.05_steps7_alpha0.02_channelsall,GRU,D_mean,-0.00017362175189017393
397,ETTh1,randomized_training,rt_spaceraw_std0.2_channelscontinuous,GRU,D_mean,-0.00581103891771928
398,ETTh1,adversarial_training,advtrain_eps0.1_steps5_alpha0.02_channelsall,PatchTST,D_mean,-0.005152060690886806
399,ETTh1,randomized_training,rt_spaceraw_std0.1_channelscontinuous,PatchTST,D_mean,0.012596741105476816
400,ETTh1,adversarial_training,advtrain_eps0.05_steps7_alpha0.02_channelsall,TSMixer,D_mean,-0.00788195298711658
401,ETTh1,randomized_training,rt_spaceraw_std0.1_channelscontinuous,TSMixer,D_mean,-0.009246863167395425
402,ETTh1,adversarial_training,advtrain_eps0.2_steps7_alpha0.02_channelsall,DLinear,D_mean,-0.0026608277661908097
403,ETTh1,randomized_training,rt_spaceraw_std0.2_channelscontinuous,DLinear,D_mean,-0.002461165113931685
404,ETTh1,revin,revin_affineTrue_eps1e-5,ModernTCN,D_mean,0.037226177503599356
405,ETTh1,revin,revin_affineTrue_eps1e-5,GRU,D_mean,0.07600565232951206
406,ETTh1,revin,revin_affineFalse_eps1e-5,TSMixer,D_mean,0.05313680376853536
407,ETTh1,revin,revin_affineTrue_eps1e-5,DLinear,D_mean,0.012899617427432064
408,Penmanshiel_Hourly_WT08,randomized_smoothing,rs_backbonebaseline_std0.25_samples30_alpha0.25,ModernTCN,err_pert_ws,0.0007086522758938396
409,Penmanshiel_Hourly_WT08,randomized_smoothing,rs_backbonebaseline_std0.25_samples30_alpha0.35,GRU,err_pert_ws,7.99018726392875e-05
410,Penmanshiel_Hourly_WT08,randomized_smoothing,rs_backbonebaseline_std0.25_samples30_alpha0.25,PatchTST,err_pert_ws,0.004885813026648256
411,Penmanshiel_Hourly_WT08,randomized_smoothing,rs_backbonebaseline_std0.25_samples30_alpha0.25,TSMixer,err_pert_ws,0.006481920923280982
412,Penmanshiel_Hourly_WT08,randomized_smoothing,rs_backbonebaseline_std0.25_samples30_alpha0.45,DLinear,err_pert_ws,0.0017312133846745792
413,Penmanshiel_Hourly_WT08,ensemble,ensemble_top7_mean,ModernTCN,err_pert_ws,-0.0072762114873243244
414,Penmanshiel_Hourly_WT08,ensemble,ensemble_top10_mean,GRU,err_pert_ws,-0.008196011793302038
415,Penmanshiel_Hourly_WT08,ensemble,ensemble_top7_mean,PatchTST,err_pert_ws,-0.009943919290388292
416,Penmanshiel_Hourly_WT08,ensemble,ensemble_top10_mean,TSMixer,err_pert_ws,-0.04864785142279576
417,Penmanshiel_Hourly_WT08,ensemble,ensemble_top10_mean,DLinear,err_pert_ws,-0.005724365934275555
418,Penmanshiel_Hourly_WT08,fault_augmentation,fa_profholdout_simple_mix0.75_sev1.0_frac0.1,ModernTCN,err_pert_ws,-0.0035618167968816117
419,Penmanshiel_Hourly_WT08,fault_augmentation,fa_profholdout_varying_mix0.75_sev0.75_frac0.1,GRU,err_pert_ws,4.388369245278412e-05
420,Penmanshiel_Hourly_WT08,fault_augmentation,fa_profholdout_simple_mix1.0_sev1.0_frac0.1,PatchTST,err_pert_ws,-0.0038003617610243845
421,Penmanshiel_Hourly_WT08,fault_augmentation,fa_profholdout_simple_mix0.75_sev0.75_frac0.1,TSMixer,err_pert_ws,-0.029213085503259184
422,Penmanshiel_Hourly_WT08,fault_augmentation,fa_profholdout_simple_mix0.75_sev1.0_frac0.1,DLinear,err_pert_ws,-0.0021113993916661022
423,Penmanshiel_Hourly_WT08,adversarial_training,advtrain_eps0.05_steps3_alpha0.02_channelsall,GRU,err_pert_ws,-0.014610255874154987
424,Penmanshiel_Hourly_WT08,adaptive_robust_loss,arl_alo0.001_ainit1.0_slo1e-05_sinit0.1,PatchTST,err_pert_ws,0.2542520810306145
425,Penmanshiel_Hourly_WT08,adaptive_robust_loss,arl_alo0.5_ainit1.0_slo0.01_sinit1.0,ModernTCN,err_pert_ws,0.12932513975725746
426,Penmanshiel_Hourly_WT08,adaptive_robust_loss,arl_alo0.001_ainit1.9_slo0.001_sinit1.0,GRU,err_pert_ws,0.09234254054529006
427,Penmanshiel_Hourly_WT08,adaptive_robust_loss,arl_alo0.001_ainit1.0_slo0.001_sinit0.1,TSMixer,err_pert_ws,-0.02200449103229618
428,Penmanshiel_Hourly_WT08,adaptive_robust_loss,arl_alo0.001_ainit1.0_slo0.001_sinit0.1,DLinear,err_pert_ws,0.058480397689764485
429,Penmanshiel_Hourly_WT08,adversarial_training,advtrain_eps0.05_steps7_alpha0.02_channelsall,PatchTST,err_pert_ws,-0.008249113472440506
430,Penmanshiel_Hourly_WT08,randomized_training,rt_spaceraw_std0.1_channelscontinuous,PatchTST,err_pert_ws,-0.006039294435255582
431,Penmanshiel_Hourly_WT08,adversarial_training,advtrain_eps0.2_steps3_alpha0.02_channelsall,ModernTCN,err_pert_ws,-0.02386293081997426
432,Penmanshiel_Hourly_WT08,adversarial_training,advtrain_eps0.1_steps3_alpha0.02_channelsall,TSMixer,err_pert_ws,-0.07034713773380791
433,Penmanshiel_Hourly_WT08,adversarial_training,advtrain_eps0.05_steps7_alpha0.02_channelsall,DLinear,err_pert_ws,-0.015083701849763764
434,Penmanshiel_Hourly_WT08,randomized_training,rt_spaceraw_std0.2_channelscontinuous,GRU,err_pert_ws,-0.011088340995484058
435,Penmanshiel_Hourly_WT08,randomized_training,rt_spaceraw_std0.1_channelscontinuous,TSMixer,err_pert_ws,-0.02678790947382803
436,Penmanshiel_Hourly_WT08,randomized_training,rt_spaceraw_std0.1_channelscontinuous,DLinear,err_pert_ws,-0.015395241358515388
437,Penmanshiel_Hourly_WT08,revin,revin_affineFalse_eps1e-5,ModernTCN,err_pert_ws,0.005298565087847207
438,Penmanshiel_Hourly_WT08,randomized_training,rt_spaceraw_std0.1_channelscontinuous,ModernTCN,err_pert_ws,-0.019230661804112592
439,Penmanshiel_Hourly_WT08,revin,revin_affineTrue_eps1e-5,GRU,err_pert_ws,0.13307979990663454
440,Penmanshiel_Hourly_WT08,revin,revin_affineTrue_eps1e-5,TSMixer,err_pert_ws,0.0018905875969861818
441,Penmanshiel_Hourly_WT08,revin,revin_affineFalse_eps1e-5,DLinear,err_pert_ws,0.007705563248530223
442,traffic,randomized_smoothing,rs_backbonebaseline_std0.25_samples30_alpha0.25,ModernTCN,err_pert_ws,0.00464358928501607
443,traffic,randomized_smoothing,rs_backbonebaseline_std0.5_samples30_alpha0.25,GRU,err_pert_ws,-0.014323581236600824
444,traffic,randomized_smoothing,rs_backbonebaseline_std0.25_samples30_alpha0.25,PatchTST,err_pert_ws,0.04604368167817596
445,traffic,randomized_smoothing,rs_backbonebaseline_std0.25_samples30_alpha0.25,TSMixer,err_pert_ws,0.001827627789974251
446,traffic,randomized_smoothing,rs_backbonebaseline_std0.25_samples30_alpha0.25,DLinear,err_pert_ws,0.00041241710484019034
447,traffic,ensemble,ensemble_top10_mean,ModernTCN,err_pert_ws,-0.009335510841011918
448,traffic,ensemble,ensemble_top3_mean,GRU,err_pert_ws,-0.0967498214364052
449,traffic,ensemble,ensemble_top3_mean,PatchTST,err_pert_ws,0.001696133969724234
450,traffic,ensemble,ensemble_top10_mean,TSMixer,err_pert_ws,-0.0760488275140524
451,traffic,ensemble,ensemble_top5_mean,DLinear,err_pert_ws,-0.002985426014661785
452,traffic,fault_augmentation,fa_profholdout_simple_mix0.75_sev0.75_frac0.25,GRU,err_pert_ws,-0.01319795200824736
453,traffic,fault_augmentation,fa_profholdout_varying_mix1.0_sev1.0_frac0.1,PatchTST,err_pert_ws,-0.07752730439752342
454,traffic,fault_augmentation,fa_profholdout_varying_mix0.75_sev0.75_frac0.1,ModernTCN,err_pert_ws,0.012263695582747536
455,traffic,fault_augmentation,fa_profholdout_simple_mix1.0_sev0.75_frac0.1,TSMixer,err_pert_ws,-0.04959883019030098
456,traffic,fault_augmentation,fa_profholdout_varying_mix0.75_sev0.75_frac0.1,DLinear,err_pert_ws,-0.00023162043094637763
457,traffic,randomized_training,rt_spaceraw_std0.3_channelscontinuous,GRU,err_pert_ws,-0.011670540186762834
458,traffic,adaptive_robust_loss,arl_alo0.001_ainit1.0_slo0.01_sinit1.0,PatchTST,err_pert_ws,0.10221831422597172
459,traffic,adaptive_robust_loss,arl_alo0.001_ainit1.0_slo1e-05_sinit0.1,ModernTCN,err_pert_ws,0.0998067534983158
460,traffic,adversarial_training,advtrain_eps0.05_steps5_alpha0.02_channelsall,PatchTST,err_pert_ws,0.0013665175586938805
461,traffic,adversarial_training,advtrain_eps0.1_steps5_alpha0.02_channelsall,ModernTCN,err_pert_ws,-0.008565266525745296
462,traffic,adaptive_robust_loss,arl_alo0.001_ainit1.5_slo0.001_sinit0.1,GRU,err_pert_ws,0.023829249638319006
463,traffic,randomized_training,rt_spaceraw_std0.1_channelscontinuous,PatchTST,err_pert_ws,0.009931014654040338
464,traffic,adaptive_robust_loss,arl_alo0.001_ainit1.0_slo1e-05_sinit1.0,TSMixer,err_pert_ws,0.07229348771572108
465,traffic,adaptive_robust_loss,arl_alo0.001_ainit1.9_slo0.01_sinit0.1,DLinear,err_pert_ws,0.2009999798864126
466,traffic,adversarial_training,advtrain_eps0.2_steps7_alpha0.02_channelsall,GRU,err_pert_ws,-0.04070345359444616
467,traffic,adversarial_training,advtrain_eps0.05_steps7_alpha0.02_channelsall,TSMixer,err_pert_ws,-0.03148900152146816
468,traffic,adversarial_training,advtrain_eps0.05_steps3_alpha0.02_channelsall,DLinear,err_pert_ws,-0.0019964214503765954
469,traffic,randomized_training,rt_spaceraw_std0.1_channelscontinuous,TSMixer,err_pert_ws,-0.04700394418239595
470,traffic,randomized_training,rt_spaceraw_std0.1_channelscontinuous,DLinear,err_pert_ws,-0.0005311739563942375
471,traffic,revin,revin_affineTrue_eps1e-5,ModernTCN,err_pert_ws,0.10222555986642845
472,traffic,randomized_training,rt_spaceraw_std0.1_channelscontinuous,ModernTCN,err_pert_ws,0.03374146954119206
473,traffic,revin,revin_affineFalse_eps1e-5,GRU,err_pert_ws,0.044928438645601254
474,traffic,revin,revin_affineFalse_eps1e-5,TSMixer,err_pert_ws,0.05367417785227302
475,traffic,revin,revin_affineTrue_eps1e-5,DLinear,err_pert_ws,0.08232004712522023
476,BeijingAir_Tiantan,randomized_smoothing,rs_backbonebaseline_std0.25_samples30_alpha0.25,ModernTCN,err_pert_ws,0.008099285688970115
477,BeijingAir_Tiantan,randomized_smoothing,rs_backbonebaseline_std0.25_samples30_alpha0.25,GRU,err_pert_ws,0.0023106817502586696
478,BeijingAir_Tiantan,randomized_smoothing,rs_backbonebaseline_std0.25_samples30_alpha0.25,PatchTST,err_pert_ws,0.002488008105028694
479,BeijingAir_Tiantan,randomized_smoothing,rs_backbonebaseline_std0.25_samples30_alpha0.25,TSMixer,err_pert_ws,-0.0031260320252855522
480,BeijingAir_Tiantan,randomized_smoothing,rs_backbonebaseline_std0.25_samples30_alpha0.25,DLinear,err_pert_ws,0.005686836502466708
481,BeijingAir_Tiantan,ensemble,ensemble_top5_mean,ModernTCN,err_pert_ws,-0.0021831158564193376
482,BeijingAir_Tiantan,ensemble,ensemble_top3_mean,GRU,err_pert_ws,0.013205752558857753
483,BeijingAir_Tiantan,ensemble,ensemble_top3_mean,PatchTST,err_pert_ws,-0.012163159032589466
484,BeijingAir_Tiantan,ensemble,ensemble_top10_mean,TSMixer,err_pert_ws,-0.03436829835348476
485,BeijingAir_Tiantan,ensemble,ensemble_top10_mean,DLinear,err_pert_ws,-0.009461736441895519
486,BeijingAir_Tiantan,fault_augmentation,fa_profholdout_varying_mix0.75_sev0.75_frac0.1,ModernTCN,err_pert_ws,0.0021375077205477155
487,BeijingAir_Tiantan,fault_augmentation,fa_profholdout_varying_mix0.75_sev0.75_frac0.1,GRU,err_pert_ws,0.024825376492596085
488,BeijingAir_Tiantan,fault_augmentation,fa_profholdout_simple_mix0.75_sev0.75_frac0.25,PatchTST,err_pert_ws,-0.027276739457728405
489,BeijingAir_Tiantan,fault_augmentation,fa_profholdout_varying_mix0.75_sev1.0_frac0.1,TSMixer,err_pert_ws,-0.017519801234509247
490,BeijingAir_Tiantan,fault_augmentation,fa_profholdout_simple_mix1.0_sev1.0_frac0.25,DLinear,err_pert_ws,-0.015434603614348452
491,BeijingAir_Tiantan,adaptive_robust_loss,arl_alo0.001_ainit1.0_slo0.01_sinit0.1,PatchTST,err_pert_ws,-0.01583328955357577
492,BeijingAir_Tiantan,adaptive_robust_loss,arl_alo0.001_ainit1.0_slo0.01_sinit0.1,ModernTCN,err_pert_ws,-0.037844955482758846
493,BeijingAir_Tiantan,adaptive_robust_loss,arl_alo0.001_ainit1.0_slo1e-05_sinit0.1,GRU,err_pert_ws,0.08386368142303252
494,BeijingAir_Tiantan,adaptive_robust_loss,arl_alo0.001_ainit1.0_slo0.001_sinit0.1,TSMixer,err_pert_ws,-0.02852011698433493
495,BeijingAir_Tiantan,adaptive_robust_loss,arl_alo0.001_ainit1.9_slo0.001_sinit0.1,DLinear,err_pert_ws,-0.028613996670665776
496,BeijingAir_Tiantan,adversarial_training,advtrain_eps0.1_steps3_alpha0.02_channelsall,PatchTST,err_pert_ws,-0.034878354618194884
497,BeijingAir_Tiantan,randomized_training,rt_spaceraw_std0.1_channelscontinuous,PatchTST,err_pert_ws,-0.041374184465211905
498,BeijingAir_Tiantan,adversarial_training,advtrain_eps0.05_steps7_alpha0.02_channelsall,GRU,err_pert_ws,0.010056479047128197
499,BeijingAir_Tiantan,adversarial_training,advtrain_eps0.05_steps3_alpha0.02_channelsall,ModernTCN,err_pert_ws,-0.037846492100280016
500,BeijingAir_Tiantan,adversarial_training,advtrain_eps0.1_steps3_alpha0.02_channelsall,TSMixer,err_pert_ws,-0.016644078826034137
501,BeijingAir_Tiantan,adversarial_training,advtrain_eps0.05_steps3_alpha0.02_channelsall,DLinear,err_pert_ws,-0.11097590597285018
502,BeijingAir_Tiantan,randomized_training,rt_spaceraw_std0.1_channelscontinuous,ModernTCN,err_pert_ws,-0.06150613716469816
503,BeijingAir_Tiantan,randomized_training,rt_spaceraw_std0.1_channelscontinuous,GRU,err_pert_ws,0.013908988469638284
504,BeijingAir_Tiantan,randomized_training,rt_spaceraw_std0.1_channelscontinuous,TSMixer,err_pert_ws,0.10331592741359202
505,BeijingAir_Tiantan,randomized_training,rt_spaceraw_std0.1_channelscontinuous,DLinear,err_pert_ws,-0.10310425675376611
506,BeijingAir_Tiantan,revin,revin_affineFalse_eps1e-5,ModernTCN,err_pert_ws,0.009815971539879675
507,BeijingAir_Tiantan,revin,revin_affineFalse_eps1e-5,GRU,err_pert_ws,0.09666887075909397
508,BeijingAir_Tiantan,revin,revin_affineFalse_eps1e-5,TSMixer,err_pert_ws,0.048479215222320626
509,BeijingAir_Tiantan,revin,revin_affineFalse_eps1e-5,DLinear,err_pert_ws,-0.056256565433976335
510,ETTh1,randomized_smoothing,rs_backbonebaseline_std0.25_samples30_alpha0.25,ModernTCN,err_pert_ws,0.00025061313807961394
511,ETTh1,randomized_smoothing,rs_backbonebaseline_std0.25_samples30_alpha0.25,GRU,err_pert_ws,0.0004530738264322265
512,ETTh1,randomized_smoothing,rs_backbonebaseline_std0.25_samples30_alpha0.25,PatchTST,err_pert_ws,-0.00303791855499147
513,ETTh1,randomized_smoothing,rs_backbonebaseline_std0.5_samples30_alpha0.25,TSMixer,err_pert_ws,-0.003871339559555098
514,ETTh1,randomized_smoothing,rs_backbonebaseline_std0.25_samples30_alpha0.25,DLinear,err_pert_ws,0.00038711389452217304
515,ETTh1,ensemble,ensemble_top3_mean,ModernTCN,err_pert_ws,-0.01165261252671479
516,ETTh1,ensemble,ensemble_top5_mean,GRU,err_pert_ws,-0.00782788618952035
517,ETTh1,ensemble,ensemble_top10_mean,PatchTST,err_pert_ws,-0.009342951621115203
518,ETTh1,ensemble,ensemble_top5_mean,TSMixer,err_pert_ws,-0.009011529071629054
519,ETTh1,ensemble,ensemble_top5_mean,DLinear,err_pert_ws,0.00210178565531971
520,ETTh1,fault_augmentation,fa_profholdout_varying_mix0.75_sev0.75_frac0.1,ModernTCN,err_pert_ws,0.001012575086951184
521,ETTh1,fault_augmentation,fa_profholdout_simple_mix1.0_sev0.75_frac0.1,GRU,err_pert_ws,0.015108177638053832
522,ETTh1,fault_augmentation,fa_profholdout_simple_mix0.75_sev0.75_frac0.25,PatchTST,err_pert_ws,-0.00028713428750637426
523,ETTh1,fault_augmentation,fa_profholdout_varying_mix0.75_sev0.75_frac0.1,TSMixer,err_pert_ws,-0.00035514236539602173
524,ETTh1,fault_augmentation,fa_profholdout_simple_mix0.75_sev1.0_frac0.25,DLinear,err_pert_ws,-0.0032800996065139865
525,ETTh1,adaptive_robust_loss,arl_alo0.001_ainit1.0_slo1e-05_sinit0.1,PatchTST,err_pert_ws,0.02016725419536225
526,ETTh1,adaptive_robust_loss,arl_alo0.25_ainit1.0_slo1e-05_sinit1.0,ModernTCN,err_pert_ws,0.04783279554992914
527,ETTh1,adaptive_robust_loss,arl_alo0.5_ainit1.0_slo0.01_sinit1.0,GRU,err_pert_ws,0.09607271241545678
528,ETTh1,adaptive_robust_loss,arl_alo0.001_ainit1.0_slo0.001_sinit0.1,TSMixer,err_pert_ws,-0.0003356964945793184
529,ETTh1,adaptive_robust_loss,arl_alo0.001_ainit1.0_slo1e-05_sinit0.1,DLinear,err_pert_ws,0.021462654207646814
530,ETTh1,adversarial_training,advtrain_eps0.05_steps7_alpha0.02_channelsall,ModernTCN,err_pert_ws,0.0030072481825947905
531,ETTh1,randomized_training,rt_spaceraw_std0.1_channelscontinuous,ModernTCN,err_pert_ws,0.002899238063394982
532,ETTh1,adversarial_training,advtrain_eps0.05_steps7_alpha0.02_channelsall,GRU,err_pert_ws,-0.031058392448723326
533,ETTh1,randomized_training,rt_spaceraw_std0.2_channelscontinuous,GRU,err_pert_ws,0.02945987994372845
534,ETTh1,adversarial_training,advtrain_eps0.1_steps5_alpha0.02_channelsall,PatchTST,err_pert_ws,0.003951199229806579
535,ETTh1,randomized_training,rt_spaceraw_std0.1_channelscontinuous,PatchTST,err_pert_ws,0.006249358892440715
536,ETTh1,adversarial_training,advtrain_eps0.05_steps7_alpha0.02_channelsall,TSMixer,err_pert_ws,-0.007039711198210785
537,ETTh1,randomized_training,rt_spaceraw_std0.1_channelscontinuous,TSMixer,err_pert_ws,-0.003066319362819203
538,ETTh1,adversarial_training,advtrain_eps0.2_steps7_alpha0.02_channelsall,DLinear,err_pert_ws,0.004808492426574218
539,ETTh1,randomized_training,rt_spaceraw_std0.2_channelscontinuous,DLinear,err_pert_ws,0.006899662682414043
540,ETTh1,revin,revin_affineTrue_eps1e-5,ModernTCN,err_pert_ws,0.019598401384055553
541,ETTh1,revin,revin_affineTrue_eps1e-5,GRU,err_pert_ws,-0.04033585865795608
542,ETTh1,revin,revin_affineFalse_eps1e-5,TSMixer,err_pert_ws,0.03163860425651066
543,ETTh1,revin,revin_affineTrue_eps1e-5,DLinear,err_pert_ws,0.029685163818299776
